customer_id,gender,age,county,urban_rural_classification,kyc_tier,max_transaction_limit_kes,max_balance_limit_kes,betting_platform_flag,international_transaction_flag,account_age_days,initial_balance_kes
CUST_000000,Female,24,Nairobi,urban,tier_2,150000.0,500000.0,false,false,339,253490.05482169247
CUST_000001,Male,41,Kiambu,semi_urban,tier_2,150000.0,500000.0,false,false,33,184763.02074263422
CUST_000002,Female,32,Kiambu,semi_urban,tier_1,70000.0,300000.0,false,false,87,133658.63504419982
CUST_000003,Female,29,Kiambu,semi_urban,tier_2,150000.0,500000.0,false,false,240,122264.18413081436
CUST_000004,Male,30,Kisumu,urban,tier_3,250000.0,500000.0,false,false,211,475000.0
CUST_000005,Female,34,Nairobi,urban,tier_1,70000.0,300000.0,false,false,70,82596.92818716976
CUST_000006,Female,38,Busia,rural,tier_1,70000.0,300000.0,false,false,271,240276.57078416742
CUST_000007,Female,22,Nakuru,semi_urban,tier_1,70000.0,300000.0,false,false,49,100418.66034562317
CUST_000008,Male,21,Garissa,rural,tier_1,70000.0,300000.0,false,false,362,165228.77562062436
CUST_000009,Male,43,Nairobi,urban,tier_2,150000.0,500000.0,false,false,82,265527.8808895644
CUST_000010,Male,27,Nairobi,urban,tier_1,70000.0,300000.0,false,false,179,195822.4443002788
CUST_000011,Female,18,Mombasa,urban,tier_1,70000.0,300000.0,false,false,306,72491.59478024203
CUST_000012,Female,36,Kiambu,semi_urban,tier_1,70000.0,300000.0,false,false,202,188972.24932210342
CUST_000013,Female,36,Nakuru,semi_urban,tier_1,70000.0,300000.0,false,false,279,277828.0508242472
CUST_000014,Male,18,Meru,rural,tier_1,70000.0,300000.0,false,false,266,96973.32930089538
CUST_000015,Male,34,Nakuru,semi_urban,tier_2,150000.0,500000.0,false,false,348,187159.48830436813
CUST_000016,Female,39,Machakos,semi_urban,tier_2,150000.0,500000.0,false,false,185,141582.81022610076
CUST_000017,Male,35,Bomet,rural,tier_1,70000.0,300000.0,false,true,358,92810.92401690852
CUST_000018,Female,38,Nairobi,urban,tier_2,150000.0,500000.0,false,true,203,432818.944224743
CUST_000019,Female,18,Kiambu,semi_urban,tier_1,70000.0,300000.0,false,false,330,66797.47040193665
CUST_000020,Female,35,Nakuru,semi_urban,tier_1,70000.0,300000.0,false,false,276,68904.60857962417
CUST_000021,Male,28,Kiambu,semi_urban,tier_1,70000.0,300000.0,false,false,74,246961.62072217432
CUST_000022,Female,27,Nairobi,urban,tier_3,250000.0,500000.0,false,false,246,251359.0289627694
CUST_000023,Female,40,Makueni,rural,tier_2,150000.0,500000.0,false,false,325,475000.0
CUST_000024,Female,46,Trans Nzoia,rural,tier_2,150000.0,500000.0,false,false,73,146846.64038425282
CUST_000025,Male,49,Nairobi,urban,tier_1,70000.0,300000.0,false,false,311,117556.96719382583
CUST_000026,Male,45,Bungoma,rural,tier_1,70000.0,300000.0,false,false,65,79316.32749911625
CUST_000027,Male,30,Laikipia,rural,tier_2,150000.0,500000.0,false,false,322,197602.7461516992
CUST_000028,Male,35,Kisumu,urban,tier_1,70000.0,300000.0,false,false,295,45455.51366441286
CUST_000029,Female,39,Mandera,rural,tier_3,250000.0,500000.0,false,false,80,259066.65317305544
CUST_000030,Female,33,Embu,rural,tier_2,150000.0,500000.0,false,false,274,216230.5371554615
CUST_000031,Female,33,Tharaka Nithi,rural,tier_1,70000.0,300000.0,false,false,69,107233.11863594076
CUST_000032,Male,40,Wajir,rural,tier_2,150000.0,500000.0,false,false,220,151324.40897785203
CUST_000033,Male,31,Nairobi,urban,tier_3,250000.0,500000.0,false,false,340,117593.18754390435
CUST_000034,Male,24,Kiambu,semi_urban,tier_1,70000.0,300000.0,false,false,99,158798.94904277366
CUST_000035,Male,27,Machakos,semi_urban,tier_2,150000.0,500000.0,false,false,88,102418.06423277927
CUST_000036,Male,38,Nairobi,urban,tier_3,250000.0,500000.0,false,false,172,237592.27027503407
CUST_000037,Male,32,Nakuru,semi_urban,tier_1,70000.0,300000.0,false,false,153,285000.0
CUST_000038,Male,35,Wajir,rural,tier_2,150000.0,500000.0,false,false,46,386591.60158126877
CUST_000039,Female,38,Nairobi,urban,tier_1,70000.0,300000.0,false,false,183,51998.68882298215
CUST_000040,Male,28,Kiambu,semi_urban,tier_2,150000.0,500000.0,false,false,117,140645.01169916874
CUST_000041,Female,39,Nandi,rural,tier_2,150000.0,500000.0,false,false,71,227087.0601171772
CUST_000042,Female,35,Kisumu,urban,tier_2,150000.0,500000.0,false,false,122,177588.1556927652
CUST_000043,Male,19,Kiambu,semi_urban,tier_1,70000.0,300000.0,false,false,36,54821.34445727013
CUST_000044,Female,46,Vihiga,rural,tier_2,150000.0,500000.0,false,false,337,223021.0304934371
CUST_000045,Female,26,Kiambu,semi_urban,tier_1,70000.0,300000.0,false,false,364,109812.46279012144
CUST_000046,Male,18,Nairobi,urban,tier_1,70000.0,300000.0,false,false,153,285000.0
CUST_000047,Male,21,Nairobi,urban,tier_1,70000.0,300000.0,false,false,324,97238.63611155776
CUST_000048,Female,21,Trans Nzoia,rural,tier_1,70000.0,300000.0,false,false,185,197904.41613057442
CUST_000049,Male,32,Mombasa,urban,tier_1,70000.0,300000.0,false,false,336,58570.91680277165
CUST_000050,Male,29,Kiambu,semi_urban,tier_1,70000.0,300000.0,false,false,88,66008.12402293748
CUST_000051,Male,28,Nairobi,urban,tier_2,150000.0,500000.0,false,false,125,263865.38777838886
CUST_000052,Female,38,Kiambu,semi_urban,tier_1,70000.0,300000.0,false,false,278,189738.70047427143
CUST_000053,Female,35,Tharaka Nithi,rural,tier_1,70000.0,300000.0,false,false,103,68380.39164127031
CUST_000054,Female,35,Kiambu,semi_urban,tier_1,70000.0,300000.0,false,false,306,111700.49950374615
CUST_000055,Female,36,Vihiga,rural,tier_1,70000.0,300000.0,false,false,173,55312.1661969016
CUST_000056,Male,38,Mombasa,urban,tier_2,150000.0,500000.0,false,false,165,168005.74668380502
CUST_000057,Female,18,Kiambu,semi_urban,tier_1,70000.0,300000.0,false,false,182,167711.26959042353
CUST_000058,Male,28,Nyamira,rural,tier_1,70000.0,300000.0,false,false,298,88792.59217699517
CUST_000059,Male,18,Kiambu,semi_urban,tier_3,250000.0,500000.0,false,false,31,162404.5988632829
CUST_000060,Female,32,Kisumu,urban,tier_2,150000.0,500000.0,false,false,282,104554.7020746535
CUST_000061,Male,31,Narok,rural,tier_2,150000.0,500000.0,false,false,291,133010.6089536981
CUST_000062,Female,42,Nakuru,semi_urban,tier_2,150000.0,500000.0,false,false,305,443041.5493608656
CUST_000063,Female,43,Machakos,semi_urban,tier_3,250000.0,500000.0,false,false,364,190770.38732708295
CUST_000064,Female,34,Vihiga,rural,tier_1,70000.0,300000.0,false,false,292,66861.85273893205
CUST_000065,Female,26,Nairobi,urban,tier_2,150000.0,500000.0,false,false,207,157153.356794364
CUST_000066,Female,36,Kisumu,urban,tier_2,150000.0,500000.0,false,false,186,82755.81534321894
CUST_000067,Male,26,Nairobi,urban,tier_1,70000.0,300000.0,false,false,160,66466.80356996015
CUST_000068,Male,31,Nakuru,semi_urban,tier_1,70000.0,300000.0,false,false,307,217881.7194425269
CUST_000069,Male,41,Mombasa,urban,tier_1,70000.0,300000.0,false,false,161,102774.91055279366
CUST_000070,Male,26,Kajiado,rural,tier_2,150000.0,500000.0,false,false,222,473415.38072845805
CUST_000071,Male,40,Nairobi,urban,tier_2,150000.0,500000.0,false,false,62,175376.3400019204
CUST_000072,Female,38,Kajiado,rural,tier_2,150000.0,500000.0,false,false,136,180660.35022867293
CUST_000073,Male,22,Mombasa,urban,tier_1,70000.0,300000.0,false,false,119,152053.06228801818
CUST_000074,Male,41,Nakuru,semi_urban,tier_1,70000.0,300000.0,false,false,176,29005.593292566617
CUST_000075,Male,38,Nakuru,semi_urban,tier_1,70000.0,300000.0,false,false,198,122272.49706340666
CUST_000076,Male,33,Kirinyaga,rural,tier_1,70000.0,300000.0,false,false,270,107693.50012025361
CUST_000077,Female,24,Kiambu,semi_urban,tier_3,250000.0,500000.0,false,false,175,386691.62670792657
CUST_000078,Female,23,Nakuru,semi_urban,tier_2,150000.0,500000.0,false,false,80,297956.5872440823
CUST_000079,Female,26,Narok,rural,tier_3,250000.0,500000.0,false,false,213,104351.21277585196
CUST_000080,Female,37,Machakos,semi_urban,tier_2,150000.0,500000.0,false,false,48,342296.5298485959
CUST_000081,Male,22,Mombasa,urban,tier_3,250000.0,500000.0,false,false,315,161329.81914169237
CUST_000082,Female,36,Siaya,rural,tier_1,70000.0,300000.0,false,false,288,70214.57155555853
CUST_000083,Male,19,Nakuru,semi_urban,tier_1,70000.0,300000.0,false,false,105,121794.36624888558
CUST_000084,Male,29,Nairobi,urban,tier_1,70000.0,300000.0,false,false,118,99723.14503580025
CUST_000085,Male,33,Kiambu,semi_urban,tier_1,70000.0,300000.0,false,false,39,238177.24697203614
CUST_000086,Female,56,Nairobi,urban,tier_1,70000.0,300000.0,false,false,152,130855.47748591423
CUST_000087,Male,18,Mombasa,urban,tier_1,70000.0,300000.0,false,false,42,122316.49845399632
CUST_000088,Male,46,Kwale,rural,tier_3,250000.0,500000.0,false,false,344,288568.25387319876
CUST_000089,Female,33,Nairobi,urban,tier_1,70000.0,300000.0,false,false,75,190607.87050965131
CUST_000090,Male,36,Meru,rural,tier_3,250000.0,500000.0,false,true,251,272165.58394312504
CUST_000091,Female,33,Tharaka Nithi,rural,tier_2,150000.0,500000.0,false,false,221,374031.4313139458
CUST_000092,Male,36,Bungoma,rural,tier_2,150000.0,500000.0,false,false,109,249372.88461943984
CUST_000093,Male,30,Kilifi,rural,tier_2,150000.0,500000.0,false,false,301,200023.2942039457
CUST_000094,Male,46,Kirinyaga,rural,tier_1,70000.0,300000.0,false,false,66,205073.51112222805
CUST_000095,Female,27,West Pokot,rural,tier_2,150000.0,500000.0,false,false,327,175767.13605442797
CUST_000096,Male,43,Nakuru,semi_urban,tier_1,70000.0,300000.0,false,false,278,112213.77224400434
CUST_000097,Male,25,Nairobi,urban,tier_3,250000.0,500000.0,false,false,243,435021.97935741436
CUST_000098,Male,31,Kiambu,semi_urban,tier_1,70000.0,300000.0,false,false,325,248326.53130887894
CUST_000099,Female,21,Machakos,semi_urban,tier_1,70000.0,300000.0,false,false,165,109913.59654636311
CUST_000100,Female,36,Nairobi,urban,tier_2,150000.0,500000.0,false,false,124,146618.25581503395
CUST_000101,Female,46,Busia,rural,tier_2,150000.0,500000.0,false,false,81,382295.8741734068
CUST_000102,Male,31,Nairobi,urban,tier_1,70000.0,300000.0,false,false,340,164677.93438430413
CUST_000103,Female,30,Tana River,rural,tier_2,150000.0,500000.0,false,false,164,215378.88339115988
CUST_000104,Female,20,Mombasa,urban,tier_1,70000.0,300000.0,false,false,308,93957.835164977
CUST_000105,Female,29,Nairobi,urban,tier_2,150000.0,500000.0,false,false,141,217121.34434453078
CUST_000106,Male,18,Nairobi,urban,tier_1,70000.0,300000.0,false,false,350,109172.39569863616
CUST_000107,Male,22,Mombasa,urban,tier_1,70000.0,300000.0,false,false,322,79171.2624300543
CUST_000108,Male,34,Kisumu,urban,tier_1,70000.0,300000.0,false,false,133,117719.37792025649
CUST_000109,Female,45,Nairobi,urban,tier_1,70000.0,300000.0,false,false,193,126026.78925356023
CUST_000110,Male,60,Kisumu,urban,tier_1,70000.0,300000.0,false,false,296,91476.75910776634
CUST_000111,Male,26,Nairobi,urban,tier_1,70000.0,300000.0,false,false,106,173416.3445204186
CUST_000112,Male,46,Nakuru,semi_urban,tier_1,70000.0,300000.0,false,false,37,210229.2644768725
CUST_000113,Female,34,Nakuru,semi_urban,tier_1,70000.0,300000.0,false,false,127,179241.00940472586
CUST_000114,Male,30,Nakuru,semi_urban,tier_1,70000.0,300000.0,false,false,228,96125.85111599189
CUST_000115,Female,36,Kisumu,urban,tier_1,70000.0,300000.0,false,false,75,161046.51346197072
CUST_000116,Female,32,Nairobi,urban,tier_2,150000.0,500000.0,false,false,142,191251.40080534466
CUST_000117,Female,33,Nairobi,urban,tier_3,250000.0,500000.0,false,false,338,99160.03985957397
CUST_000118,Male,27,Mombasa,urban,tier_1,70000.0,300000.0,false,false,55,154492.7491092961
CUST_000119,Female,18,Laikipia,rural,tier_3,250000.0,500000.0,false,false,46,197882.59868430797
CUST_000120,Female,18,West Pokot,rural,tier_1,70000.0,300000.0,false,false,172,285000.0
CUST_000121,Female,38,Tharaka Nithi,rural,tier_1,70000.0,300000.0,false,false,34,228701.55636980047
CUST_000122,Male,29,Kiambu,semi_urban,tier_2,150000.0,500000.0,false,false,39,262482.1755053603
CUST_000123,Male,26,Machakos,semi_urban,tier_2,150000.0,500000.0,false,false,91,208344.581136535
CUST_000124,Male,32,Kisumu,urban,tier_2,150000.0,500000.0,false,false,64,199630.71323267816
CUST_000125,Female,39,Lamu,rural,tier_1,70000.0,300000.0,false,false,302,66815.67928527451
CUST_000126,Male,33,Lamu,rural,tier_2,150000.0,500000.0,false,false,71,77100.86385274206
CUST_000127,Male,25,Nandi,rural,tier_1,70000.0,300000.0,false,false,205,71343.26317940322
CUST_000128,Male,44,Samburu,rural,tier_1,70000.0,300000.0,false,false,266,107761.87864698183
CUST_000129,Female,47,Kiambu,semi_urban,tier_1,70000.0,300000.0,false,false,240,38513.65429965692
CUST_000130,Male,36,Lamu,rural,tier_3,250000.0,500000.0,false,false,249,140112.71450379924
CUST_000131,Female,41,Meru,rural,tier_1,70000.0,300000.0,false,false,150,97512.04980333574
CUST_000132,Female,44,Kisumu,urban,tier_2,150000.0,500000.0,false,false,328,165156.71676109987
CUST_000133,Male,43,Tharaka Nithi,rural,tier_2,150000.0,500000.0,false,false,53,132124.71661037486
CUST_000134,Female,38,Nairobi,urban,tier_2,150000.0,500000.0,false,false,66,155066.05558969363
CUST_000135,Male,37,West Pokot,rural,tier_2,150000.0,500000.0,false,false,317,435526.22494100174
CUST_000136,Female,37,Lamu,rural,tier_2,150000.0,500000.0,false,false,52,256128.8758686599
CUST_000137,Male,21,Nairobi,urban,tier_1,70000.0,300000.0,false,false,94,83398.64699963326
CUST_000138,Female,39,Homa Bay,rural,tier_1,70000.0,300000.0,false,false,88,106655.98702528668
CUST_000139,Male,18,Nairobi,urban,tier_1,70000.0,300000.0,false,false,41,108812.45531089604
CUST_000140,Male,24,Lamu,rural,tier_1,70000.0,300000.0,false,false,69,75173.9497307612
CUST_000141,Female,45,Marsabit,rural,tier_1,70000.0,300000.0,false,false,222,75129.80612001292
CUST_000142,Female,40,Bungoma,rural,tier_1,70000.0,300000.0,false,false,252,182919.1925983352
CUST_000143,Female,46,Nyamira,rural,tier_1,70000.0,300000.0,true,true,57,89468.82905456916
CUST_000144,Male,29,Nairobi,urban,tier_1,70000.0,300000.0,false,false,346,63843.4683936843
CUST_000145,Male,20,Kisumu,urban,tier_1,70000.0,300000.0,false,false,62,108008.75650866842
CUST_000146,Male,29,Kiambu,semi_urban,tier_3,250000.0,500000.0,false,false,260,195119.65289726053
CUST_000147,Female,33,Nairobi,urban,tier_1,70000.0,300000.0,false,false,298,41158.49569507591
CUST_000148,Male,32,Kiambu,semi_urban,tier_3,250000.0,500000.0,false,false,204,180230.19942620603
CUST_000149,Male,43,Mombasa,urban,tier_3,250000.0,500000.0,false,false,195,283893.187082877
CUST_000150,Female,28,Nakuru,semi_urban,tier_1,70000.0,300000.0,false,false,66,138296.11780011718
CUST_000151,Female,35,Kiambu,semi_urban,tier_2,150000.0,500000.0,false,false,111,475000.0
CUST_000152,Male,22,Nyeri,rural,tier_2,150000.0,500000.0,false,false,315,343835.32610602136
CUST_000153,Female,36,Kisumu,urban,tier_2,150000.0,500000.0,false,false,147,379583.694276093
CUST_000154,Male,32,Samburu,rural,tier_1,70000.0,300000.0,true,false,41,285000.0
CUST_000155,Female,24,Kiambu,semi_urban,tier_1,70000.0,300000.0,false,false,275,161234.62552414424
CUST_000156,Male,29,Kisumu,urban,tier_1,70000.0,300000.0,false,false,259,119739.38371481485
CUST_000157,Female,30,Kiambu,semi_urban,tier_2,150000.0,500000.0,false,false,52,299309.5269541879
CUST_000158,Female,29,Kiambu,semi_urban,tier_3,250000.0,500000.0,false,false,47,139071.73535885382
CUST_000159,Female,49,Mombasa,urban,tier_2,150000.0,500000.0,false,false,69,194115.0953547337
CUST_000160,Male,31,Kiambu,semi_urban,tier_2,150000.0,500000.0,false,false,47,133052.56515679206
CUST_000161,Female,29,Nairobi,urban,tier_3,250000.0,500000.0,false,false,237,224438.1969282968
CUST_000162,Male,18,Nakuru,semi_urban,tier_2,150000.0,500000.0,false,false,74,132774.67976087073
CUST_000163,Male,23,Machakos,semi_urban,tier_1,70000.0,300000.0,false,false,233,78282.04174104413
CUST_000164,Female,29,Kiambu,semi_urban,tier_2,150000.0,500000.0,false,false,89,226183.07664155916
CUST_000165,Male,25,Migori,rural,tier_1,70000.0,300000.0,false,true,356,103020.37191610718
CUST_000166,Female,45,Mombasa,urban,tier_1,70000.0,300000.0,false,false,273,42098.912407258045
CUST_000167,Female,30,Vihiga,rural,tier_1,70000.0,300000.0,false,false,155,53303.60761683693
CUST_000168,Male,44,Makueni,rural,tier_3,250000.0,500000.0,false,false,174,103645.33728625208
CUST_000169,Female,32,Uasin Gishu,rural,tier_1,70000.0,300000.0,false,false,51,70972.7869800737
CUST_000170,Male,32,Nandi,rural,tier_1,70000.0,300000.0,false,true,48,135774.3259432385
CUST_000171,Female,31,Nairobi,urban,tier_1,70000.0,300000.0,false,false,210,123131.37788009021
CUST_000172,Male,32,Kiambu,semi_urban,tier_1,70000.0,300000.0,false,false,37,187996.27719992024
CUST_000173,Female,49,Nairobi,urban,tier_1,70000.0,300000.0,false,false,244,160803.54236367898
CUST_000174,Male,18,Migori,rural,tier_2,150000.0,500000.0,false,true,158,314366.52319974685
CUST_000175,Male,18,Baringo,rural,tier_2,150000.0,500000.0,false,false,76,249337.1992380862
CUST_000176,Male,26,Mombasa,urban,tier_1,70000.0,300000.0,false,false,209,122562.6256567014
CUST_000177,Female,32,Tharaka Nithi,rural,tier_1,70000.0,300000.0,false,false,215,191226.4534287476
CUST_000178,Female,38,Nairobi,urban,tier_1,70000.0,300000.0,false,false,280,174773.15405860482
CUST_000179,Female,36,Machakos,semi_urban,tier_1,70000.0,300000.0,false,false,96,133197.12295461586
CUST_000180,Female,28,Kirinyaga,rural,tier_1,70000.0,300000.0,false,false,213,208370.63855171093
CUST_000181,Female,42,Nairobi,urban,tier_2,150000.0,500000.0,false,false,313,56923.825377306865
CUST_000182,Female,42,Bomet,rural,tier_2,150000.0,500000.0,false,false,120,159075.11488927362
CUST_000183,Male,33,Migori,rural,tier_1,70000.0,300000.0,false,false,310,94716.40740432906
CUST_000184,Female,41,Nairobi,urban,tier_1,70000.0,300000.0,false,false,273,196394.2097177648
CUST_000185,Female,34,Kiambu,semi_urban,tier_1,70000.0,300000.0,false,false,174,242131.25935220276
CUST_000186,Male,26,Mombasa,urban,tier_1,70000.0,300000.0,false,false,326,53447.1219061672
CUST_000187,Male,38,Isiolo,rural,tier_3,250000.0,500000.0,false,false,354,372483.1066428422
CUST_000188,Female,33,Nairobi,urban,tier_2,150000.0,500000.0,false,false,109,102399.87638316836
CUST_000189,Male,32,Tharaka Nithi,rural,tier_3,250000.0,500000.0,false,false,359,103959.40388139743
CUST_000190,Female,46,Samburu,rural,tier_3,250000.0,500000.0,false,false,30,163606.67879382512
CUST_000191,Male,18,Nairobi,urban,tier_2,150000.0,500000.0,false,false,73,156883.71503577652
CUST_000192,Male,18,Kisumu,urban,tier_3,250000.0,500000.0,false,false,44,84385.8267977581
CUST_000193,Female,20,Baringo,rural,tier_1,70000.0,300000.0,false,true,153,152737.60687960655
CUST_000194,Male,28,Kirinyaga,rural,tier_1,70000.0,300000.0,false,false,344,155009.07863140517
CUST_000195,Male,29,Kiambu,semi_urban,tier_1,70000.0,300000.0,false,false,231,186942.90936679314
CUST_000196,Female,18,Nairobi,urban,tier_1,70000.0,300000.0,false,false,237,88859.35241373944
CUST_000197,Female,22,Nairobi,urban,tier_1,70000.0,300000.0,false,false,58,108201.05503711554
CUST_000198,Male,23,West Pokot,rural,tier_1,70000.0,300000.0,false,false,203,108697.51058955399
CUST_000199,Male,56,Kiambu,semi_urban,tier_2,150000.0,500000.0,false,false,158,427778.6201632329
CUST_000200,Female,50,Nyandarua,rural,tier_2,150000.0,500000.0,false,false,191,44588.93379745505
CUST_000201,Female,27,Kiambu,semi_urban,tier_1,70000.0,300000.0,false,false,117,68395.72346016267
CUST_000202,Female,28,Tana River,rural,tier_1,70000.0,300000.0,false,false,97,110670.01059946467
CUST_000203,Male,20,Nairobi,urban,tier_2,150000.0,500000.0,false,false,349,106892.42778578472
CUST_000204,Male,18,Nairobi,urban,tier_1,70000.0,300000.0,false,false,217,96991.39818059516
CUST_000205,Male,30,Tharaka Nithi,rural,tier_1,70000.0,300000.0,false,false,168,103621.48644832826
CUST_000206,Male,22,Trans Nzoia,rural,tier_1,70000.0,300000.0,false,false,54,79435.02725319836
CUST_000207,Female,31,Kisumu,urban,tier_1,70000.0,300000.0,false,false,286,113979.30965950254
CUST_000208,Male,18,Nakuru,semi_urban,tier_1,70000.0,300000.0,false,false,188,151087.19394984495
CUST_000209,Female,24,Kiambu,semi_urban,tier_2,150000.0,500000.0,true,false,159,163444.7276353127
CUST_000210,Female,33,Kiambu,semi_urban,tier_2,150000.0,500000.0,false,false,254,146644.4180227433
CUST_000211,Female,35,Nairobi,urban,tier_2,150000.0,500000.0,false,false,74,169309.03255782457
CUST_000212,Male,36,Siaya,rural,tier_1,70000.0,300000.0,false,false,209,109954.24242921847
CUST_000213,Female,18,Mombasa,urban,tier_2,150000.0,500000.0,false,false,320,77049.51874634431
CUST_000214,Female,40,Kilifi,rural,tier_2,150000.0,500000.0,false,false,185,231686.4751307292
CUST_000215,Female,23,Nairobi,urban,tier_1,70000.0,300000.0,false,true,30,88083.20330926671
CUST_000216,Male,38,Nairobi,urban,tier_2,150000.0,500000.0,false,false,107,345632.349292991
CUST_000217,Male,31,Homa Bay,rural,tier_1,70000.0,300000.0,false,false,48,148310.67254637717
CUST_000218,Female,18,Nakuru,semi_urban,tier_1,70000.0,300000.0,false,false,198,198108.66172784503
CUST_000219,Male,28,Homa Bay,rural,tier_1,70000.0,300000.0,false,false,152,66571.76760249773
CUST_000220,Male,35,Nairobi,urban,tier_1,70000.0,300000.0,false,false,74,91660.28185323853
CUST_000221,Male,38,Turkana,rural,tier_1,70000.0,300000.0,false,false,260,59296.674841212465
CUST_000222,Female,30,Kwale,rural,tier_1,70000.0,300000.0,false,false,89,77570.47439542758
CUST_000223,Female,47,Nyandarua,rural,tier_1,70000.0,300000.0,false,false,144,206403.9532796167
CUST_000224,Male,42,Nairobi,urban,tier_3,250000.0,500000.0,false,false,361,386972.4056986919
CUST_000225,Female,29,Kisumu,urban,tier_1,70000.0,300000.0,false,false,52,62160.25617398292
CUST_000226,Male,39,Nakuru,semi_urban,tier_1,70000.0,300000.0,false,false,113,87763.31954358378
CUST_000227,Female,51,Machakos,semi_urban,tier_1,70000.0,300000.0,false,false,136,106238.29517148556
CUST_000228,Female,51,Kisumu,urban,tier_2,150000.0,500000.0,false,false,200,246512.06051566228
CUST_000229,Male,19,Nairobi,urban,tier_1,70000.0,300000.0,false,false,112,45781.374719122774
CUST_000230,Male,22,Nakuru,semi_urban,tier_3,250000.0,500000.0,false,false,355,82525.55951468875
CUST_000231,Male,46,Mombasa,urban,tier_1,70000.0,300000.0,false,false,31,140976.8294302287
CUST_000232,Female,21,Nakuru,semi_urban,tier_1,70000.0,300000.0,false,false,348,41648.409899343686
CUST_000233,Female,18,Nairobi,urban,tier_1,70000.0,300000.0,false,false,209,88268.54113445239
CUST_000234,Female,27,Mombasa,urban,tier_1,70000.0,300000.0,false,false,42,119680.8215712474
CUST_000235,Female,36,Elgeyo Marakwet,rural,tier_2,150000.0,500000.0,false,false,69,226431.18581799333
CUST_000236,Male,30,Nakuru,semi_urban,tier_2,150000.0,500000.0,false,false,64,171356.99162182314
CUST_000237,Female,25,Nakuru,semi_urban,tier_1,70000.0,300000.0,false,false,126,91918.6654776183
CUST_000238,Male,25,Machakos,semi_urban,tier_3,250000.0,500000.0,false,false,141,280589.71917608974
CUST_000239,Male,24,Lamu,rural,tier_1,70000.0,300000.0,false,false,245,127279.49772987035
CUST_000240,Female,23,Nakuru,semi_urban,tier_1,70000.0,300000.0,false,false,134,79859.92509498044
CUST_000241,Female,54,Baringo,rural,tier_1,70000.0,300000.0,false,false,273,112465.20928283334
CUST_000242,Male,34,Uasin Gishu,rural,tier_1,70000.0,300000.0,false,false,128,133669.05228318207
CUST_000243,Female,40,Kiambu,semi_urban,tier_2,150000.0,500000.0,false,false,118,434296.16932026035
CUST_000244,Female,27,Taita Taveta,rural,tier_1,70000.0,300000.0,false,false,122,163521.4719787784
CUST_000245,Female,30,Mandera,rural,tier_1,70000.0,300000.0,false,false,140,202565.01619259577
CUST_000246,Female,24,Nairobi,urban,tier_1,70000.0,300000.0,false,false,311,81327.05788578883
CUST_000247,Male,18,Kiambu,semi_urban,tier_1,70000.0,300000.0,false,false,112,84918.41920289784
CUST_000248,Male,18,Kericho,rural,tier_1,70000.0,300000.0,false,false,121,98110.31199759612
CUST_000249,Male,18,Wajir,rural,tier_2,150000.0,500000.0,false,false,351,171198.17012068356
CUST_000250,Female,18,Kiambu,semi_urban,tier_1,70000.0,300000.0,false,false,249,66670.99466546932
CUST_000251,Female,20,Nairobi,urban,tier_1,70000.0,300000.0,false,false,94,207835.99600352935
CUST_000252,Male,45,Machakos,semi_urban,tier_1,70000.0,300000.0,false,false,321,171650.1327939663
CUST_000253,Male,31,Nairobi,urban,tier_1,70000.0,300000.0,false,false,91,94721.74029420994
CUST_000254,Male,44,Kwale,rural,tier_1,70000.0,300000.0,false,false,84,152115.1498989193
CUST_000255,Female,36,Kiambu,semi_urban,tier_2,150000.0,500000.0,false,false,179,205625.73169822188
CUST_000256,Female,39,Kisii,rural,tier_3,250000.0,500000.0,false,false,262,263623.53690875694
CUST_000257,Male,22,Nyandarua,rural,tier_1,70000.0,300000.0,false,false,93,56352.63005154323
CUST_000258,Male,37,Elgeyo Marakwet,rural,tier_3,250000.0,500000.0,false,false,283,171019.49602116324
CUST_000259,Female,39,Busia,rural,tier_1,70000.0,300000.0,false,false,82,107207.1785738831
CUST_000260,Male,26,Laikipia,rural,tier_2,150000.0,500000.0,false,false,292,251245.1481215992
CUST_000261,Female,37,Nandi,rural,tier_2,150000.0,500000.0,false,false,62,134342.06858222585
CUST_000262,Male,37,Nyandarua,rural,tier_2,150000.0,500000.0,false,false,186,52701.437719545764
CUST_000263,Male,26,Nairobi,urban,tier_2,150000.0,500000.0,false,false,245,107099.49257500679
CUST_000264,Female,20,Machakos,semi_urban,tier_1,70000.0,300000.0,false,false,119,107045.98214260126
CUST_000265,Male,20,Mombasa,urban,tier_1,70000.0,300000.0,false,false,235,113945.9926445243
CUST_000266,Male,32,Nyamira,rural,tier_1,70000.0,300000.0,false,false,261,256122.67680557774
CUST_000267,Male,35,Garissa,rural,tier_1,70000.0,300000.0,false,false,248,147695.9391104837
CUST_000268,Male,24,Kiambu,semi_urban,tier_2,150000.0,500000.0,true,false,163,191592.98229974657
CUST_000269,Male,32,Nairobi,urban,tier_1,70000.0,300000.0,false,false,289,108590.81595230786
CUST_000270,Male,37,Nakuru,semi_urban,tier_1,70000.0,300000.0,false,false,275,191688.98057439242
CUST_000271,Male,38,Kilifi,rural,tier_1,70000.0,300000.0,false,false,139,82164.82153323137
CUST_000272,Male,47,Mombasa,urban,tier_1,70000.0,300000.0,false,false,276,102887.95501965172
CUST_000273,Female,44,Nairobi,urban,tier_2,150000.0,500000.0,false,false,338,106695.50589548347
CUST_000274,Female,21,Samburu,rural,tier_2,150000.0,500000.0,false,false,304,373927.1987693934
CUST_000275,Male,48,Laikipia,rural,tier_1,70000.0,300000.0,false,false,276,134294.06939296555
CUST_000276,Male,26,Nairobi,urban,tier_1,70000.0,300000.0,false,false,287,77480.07655922158
CUST_000277,Female,42,Kisumu,urban,tier_1,70000.0,300000.0,false,false,300,104225.3070191809
CUST_000278,Female,32,Vihiga,rural,tier_1,70000.0,300000.0,false,false,127,142395.42295044052
CUST_000279,Female,27,Kilifi,rural,tier_2,150000.0,500000.0,false,false,272,162267.89496763799
CUST_000280,Male,18,Bungoma,rural,tier_1,70000.0,300000.0,false,false,97,84482.73245195663
CUST_000281,Male,30,Kisumu,urban,tier_1,70000.0,300000.0,false,false,150,79570.67589229987
CUST_000282,Male,18,Kisumu,urban,tier_1,70000.0,300000.0,false,false,344,130746.90405077732
CUST_000283,Male,41,Nairobi,urban,tier_3,250000.0,500000.0,false,false,125,153788.91168815678
CUST_000284,Female,47,Kisii,rural,tier_2,150000.0,500000.0,false,false,313,146603.14337053933
CUST_000285,Male,24,Nairobi,urban,tier_1,70000.0,300000.0,false,false,171,56585.433709311044
CUST_000286,Male,35,Nairobi,urban,tier_1,70000.0,300000.0,false,false,100,114732.43472363875
CUST_000287,Male,24,Kisii,rural,tier_1,70000.0,300000.0,false,false,62,100803.2659349035
CUST_000288,Female,25,Turkana,rural,tier_3,250000.0,500000.0,false,false,214,156613.9600314629
CUST_000289,Male,39,Laikipia,rural,tier_1,70000.0,300000.0,false,false,181,121895.95017300971
CUST_000290,Female,31,Kiambu,semi_urban,tier_1,70000.0,300000.0,false,false,201,160418.1118814068
CUST_000291,Male,49,Kiambu,semi_urban,tier_3,250000.0,500000.0,false,false,44,261227.28036634208
CUST_000292,Female,27,Kiambu,semi_urban,tier_2,150000.0,500000.0,true,true,120,242492.87993945315
CUST_000293,Male,41,Kisumu,urban,tier_1,70000.0,300000.0,false,false,31,97851.13912703913
CUST_000294,Female,32,Kiambu,semi_urban,tier_1,70000.0,300000.0,false,false,131,83119.83042661281
CUST_000295,Female,39,Kiambu,semi_urban,tier_1,70000.0,300000.0,false,false,342,65485.232158725186
CUST_000296,Female,27,Bomet,rural,tier_1,70000.0,300000.0,false,false,81,82039.77749001744
CUST_000297,Female,31,Siaya,rural,tier_1,70000.0,300000.0,false,false,261,111453.50653881792
CUST_000298,Female,30,West Pokot,rural,tier_3,250000.0,500000.0,false,false,31,124146.83739870912
CUST_000299,Female,23,Nairobi,urban,tier_3,250000.0,500000.0,false,false,218,192989.6707380916
CUST_000300,Female,38,Nakuru,semi_urban,tier_1,70000.0,300000.0,false,false,339,68105.23862678271
CUST_000301,Male,38,Nairobi,urban,tier_2,150000.0,500000.0,false,false,144,80167.01563621101
CUST_000302,Female,37,Nakuru,semi_urban,tier_1,70000.0,300000.0,true,false,96,166248.81223986854
CUST_000303,Female,47,Kisumu,urban,tier_1,70000.0,300000.0,false,false,221,87058.05343408688
CUST_000304,Female,46,Nairobi,urban,tier_2,150000.0,500000.0,false,false,123,121036.3933437761
CUST_000305,Male,28,Laikipia,rural,tier_1,70000.0,300000.0,false,false,329,63870.58354670433
CUST_000306,Male,35,Kiambu,semi_urban,tier_1,70000.0,300000.0,false,false,315,136360.27473181844
CUST_000307,Female,25,Tana River,rural,tier_1,70000.0,300000.0,false,false,249,219474.56095780144
CUST_000308,Male,32,Nairobi,urban,tier_1,70000.0,300000.0,false,false,244,90219.49586764564
CUST_000309,Male,26,Nairobi,urban,tier_1,70000.0,300000.0,false,false,232,99087.25120761593
CUST_000310,Male,48,Nakuru,semi_urban,tier_2,150000.0,500000.0,false,false,277,314323.91114471905
CUST_000311,Male,35,Nairobi,urban,tier_2,150000.0,500000.0,false,false,184,74394.7404335731
CUST_000312,Male,29,Mombasa,urban,tier_2,150000.0,500000.0,false,false,355,475000.0
CUST_000313,Male,43,Wajir,rural,tier_2,150000.0,500000.0,false,false,146,475000.0
CUST_000314,Male,18,Mombasa,urban,tier_1,70000.0,300000.0,false,false,33,28520.231423628775
CUST_000315,Male,18,Nairobi,urban,tier_2,150000.0,500000.0,false,false,264,175187.43956712127
CUST_000316,Male,39,Machakos,semi_urban,tier_1,70000.0,300000.0,false,false,252,77038.78210210531
CUST_000317,Female,32,Kiambu,semi_urban,tier_1,70000.0,300000.0,false,false,359,96679.03643087337
CUST_000318,Male,34,Baringo,rural,tier_3,250000.0,500000.0,false,false,162,149219.08029593824
CUST_000319,Female,18,Nakuru,semi_urban,tier_1,70000.0,300000.0,false,false,172,165614.3717136394
CUST_000320,Female,31,Murang'a,rural,tier_1,70000.0,300000.0,false,false,218,104323.5910685271
CUST_000321,Male,52,Nairobi,urban,tier_1,70000.0,300000.0,false,false,161,69988.35475424326
CUST_000322,Male,40,Kiambu,semi_urban,tier_1,70000.0,300000.0,false,false,293,101259.84076542105
CUST_000323,Female,33,Kakamega,rural,tier_1,70000.0,300000.0,false,false,173,142761.3839957337
CUST_000324,Female,27,Nyandarua,rural,tier_1,70000.0,300000.0,true,false,293,61063.958249176874
CUST_000325,Female,28,Nakuru,semi_urban,tier_2,150000.0,500000.0,false,false,172,80760.7640329936
CUST_000326,Female,18,Machakos,semi_urban,tier_1,70000.0,300000.0,false,false,105,285000.0
CUST_000327,Female,34,Nairobi,urban,tier_1,70000.0,300000.0,false,false,362,80043.41178463277
CUST_000328,Female,40,Nairobi,urban,tier_1,70000.0,300000.0,false,false,206,103038.83759587105
CUST_000329,Male,18,Nairobi,urban,tier_2,150000.0,500000.0,false,false,267,150763.2002331403
CUST_000330,Female,25,Kisii,rural,tier_1,70000.0,300000.0,false,false,228,145158.51129782858
CUST_000331,Male,20,Kisumu,urban,tier_1,70000.0,300000.0,false,false,150,267783.12991996575
CUST_000332,Female,22,Kisii,rural,tier_1,70000.0,300000.0,false,false,356,147488.38036949764
CUST_000333,Female,32,Nairobi,urban,tier_2,150000.0,500000.0,false,false,154,86092.77765104784
CUST_000334,Male,18,Nyamira,rural,tier_2,150000.0,500000.0,false,false,363,92069.74474715897
CUST_000335,Female,38,Murang'a,rural,tier_1,70000.0,300000.0,false,false,174,90405.04623219094
CUST_000336,Male,39,Nairobi,urban,tier_2,150000.0,500000.0,false,false,37,160853.09558329574
CUST_000337,Female,29,Nairobi,urban,tier_1,70000.0,300000.0,false,false,42,46656.24744059854
CUST_000338,Male,18,Nairobi,urban,tier_1,70000.0,300000.0,false,false,357,166243.3925595464
CUST_000339,Female,22,Narok,rural,tier_1,70000.0,300000.0,false,false,207,64111.40003127842
CUST_000340,Male,44,Mombasa,urban,tier_1,70000.0,300000.0,false,false,160,232859.03156293705
CUST_000341,Female,18,Machakos,semi_urban,tier_1,70000.0,300000.0,false,false,302,274266.09184502834
CUST_000342,Female,28,Kiambu,semi_urban,tier_1,70000.0,300000.0,false,false,237,97480.82659326583
CUST_000343,Female,20,Marsabit,rural,tier_1,70000.0,300000.0,false,false,251,137451.17936097723
CUST_000344,Female,40,Kiambu,semi_urban,tier_1,70000.0,300000.0,false,false,260,59609.13675701742
CUST_000345,Female,25,Kiambu,semi_urban,tier_1,70000.0,300000.0,false,false,96,150749.66869534994
CUST_000346,Female,36,Wajir,rural,tier_2,150000.0,500000.0,false,false,59,143381.926793573
CUST_000347,Male,37,Nairobi,urban,tier_2,150000.0,500000.0,false,false,274,106803.47224212802
CUST_000348,Female,50,Murang'a,rural,tier_1,70000.0,300000.0,false,false,37,95498.9240116704
CUST_000349,Male,29,Nairobi,urban,tier_1,70000.0,300000.0,false,false,271,87436.12007469648
CUST_000350,Female,35,Kiambu,semi_urban,tier_1,70000.0,300000.0,false,false,73,93803.55669536264
CUST_000351,Male,18,Nyeri,rural,tier_1,70000.0,300000.0,false,false,118,177438.20830196058
CUST_000352,Female,43,Isiolo,rural,tier_1,70000.0,300000.0,false,false,267,74524.55574097138
CUST_000353,Female,24,Kakamega,rural,tier_1,70000.0,300000.0,false,false,239,262773.90208464966
CUST_000354,Male,26,Mombasa,urban,tier_2,150000.0,500000.0,false,false,292,94829.28565909968
CUST_000355,Female,31,Kiambu,semi_urban,tier_2,150000.0,500000.0,false,false,235,412535.90112236195
CUST_000356,Female,18,Nakuru,semi_urban,tier_1,70000.0,300000.0,false,false,46,66388.72007765477
CUST_000357,Female,34,Kiambu,semi_urban,tier_1,70000.0,300000.0,false,false,312,110307.93439913222
CUST_000358,Female,41,Kiambu,semi_urban,tier_2,150000.0,500000.0,false,false,102,143956.33748426998
CUST_000359,Female,34,Kisumu,urban,tier_1,70000.0,300000.0,false,false,75,92936.65563569068
CUST_000360,Female,18,Kisumu,urban,tier_2,150000.0,500000.0,false,false,325,274592.0980225669
CUST_000361,Male,30,Mombasa,urban,tier_1,70000.0,300000.0,false,false,95,233620.00222944882
CUST_000362,Male,39,Nakuru,semi_urban,tier_1,70000.0,300000.0,false,false,210,200145.5450499222
CUST_000363,Male,18,Nairobi,urban,tier_1,70000.0,300000.0,false,false,193,90139.12485506923
CUST_000364,Female,21,Nyandarua,rural,tier_1,70000.0,300000.0,false,false,288,121014.46523624197
CUST_000365,Male,40,Bungoma,rural,tier_3,250000.0,500000.0,false,false,44,124408.33275066274
CUST_000366,Female,34,Nairobi,urban,tier_1,70000.0,300000.0,false,false,65,67222.45331072055
CUST_000367,Female,36,Kericho,rural,tier_3,250000.0,500000.0,false,false,169,103695.38859696491
CUST_000368,Male,50,Narok,rural,tier_1,70000.0,300000.0,false,false,189,88676.58024731255
CUST_000369,Female,36,Mombasa,urban,tier_2,150000.0,500000.0,false,false,294,208389.9145281639
CUST_000370,Female,38,Nairobi,urban,tier_3,250000.0,500000.0,false,false,233,70718.02695487377
CUST_000371,Male,59,Nairobi,urban,tier_1,70000.0,300000.0,false,false,79,107835.36041341143
CUST_000372,Male,29,Nairobi,urban,tier_1,70000.0,300000.0,false,false,358,235519.81191155437
CUST_000373,Male,24,Laikipia,rural,tier_2,150000.0,500000.0,false,false,184,322326.05711890146
CUST_000374,Male,36,Wajir,rural,tier_1,70000.0,300000.0,false,false,354,82367.45838434194
CUST_000375,Male,36,Nairobi,urban,tier_3,250000.0,500000.0,false,false,362,91484.69072306296
CUST_000376,Female,26,Kwale,rural,tier_1,70000.0,300000.0,false,false,47,138892.13544467813
CUST_000377,Male,21,Nairobi,urban,tier_1,70000.0,300000.0,false,false,199,34642.05303016531
CUST_000378,Male,55,Bomet,rural,tier_1,70000.0,300000.0,false,false,171,192262.09756032669
CUST_000379,Female,35,Laikipia,rural,tier_2,150000.0,500000.0,false,false,197,165308.6561038739
CUST_000380,Female,24,Nakuru,semi_urban,tier_3,250000.0,500000.0,false,false,134,459554.8293934836
CUST_000381,Female,41,Nairobi,urban,tier_1,70000.0,300000.0,false,false,217,46539.4216972655
CUST_000382,Female,30,Bomet,rural,tier_2,150000.0,500000.0,false,false,195,291104.1803059311
CUST_000383,Male,29,West Pokot,rural,tier_3,250000.0,500000.0,false,false,92,174924.36491549725
CUST_000384,Male,37,Mombasa,urban,tier_1,70000.0,300000.0,false,false,126,93527.65883064692
CUST_000385,Female,19,Nairobi,urban,tier_1,70000.0,300000.0,false,false,79,55637.68403291689
CUST_000386,Female,35,Nairobi,urban,tier_2,150000.0,500000.0,false,false,313,247765.33088953208
CUST_000387,Female,51,Machakos,semi_urban,tier_2,150000.0,500000.0,false,false,257,257927.0494348441
CUST_000388,Male,36,Bomet,rural,tier_1,70000.0,300000.0,false,false,160,269440.17367708794
CUST_000389,Female,28,Mandera,rural,tier_2,150000.0,500000.0,false,false,162,304488.47267112037
CUST_000390,Female,26,Kwale,rural,tier_1,70000.0,300000.0,true,false,56,82009.47670652196
CUST_000391,Male,27,Samburu,rural,tier_3,250000.0,500000.0,false,false,127,111349.82327767515
CUST_000392,Female,29,Meru,rural,tier_2,150000.0,500000.0,false,false,340,92792.18117483311
CUST_000393,Female,28,Mombasa,urban,tier_2,150000.0,500000.0,false,false,40,384221.90805725293
CUST_000394,Male,41,Machakos,semi_urban,tier_1,70000.0,300000.0,false,false,79,74790.833637447
CUST_000395,Male,18,Kisumu,urban,tier_1,70000.0,300000.0,false,false,314,231342.06339418775
CUST_000396,Female,40,Kisumu,urban,tier_1,70000.0,300000.0,false,false,204,143497.62651349357
CUST_000397,Male,28,Tharaka Nithi,rural,tier_1,70000.0,300000.0,false,false,40,130156.02400364725
CUST_000398,Male,35,Kajiado,rural,tier_2,150000.0,500000.0,false,false,194,157775.62710507994
CUST_000399,Male,20,Vihiga,rural,tier_1,70000.0,300000.0,false,false,281,153564.23232928084
CUST_000400,Male,45,Kiambu,semi_urban,tier_1,70000.0,300000.0,false,false,145,109513.4193881621
CUST_000401,Female,44,Machakos,semi_urban,tier_1,70000.0,300000.0,false,false,158,91759.9409158175
CUST_000402,Female,41,Kiambu,semi_urban,tier_1,70000.0,300000.0,false,false,242,156301.19265996394
CUST_000403,Male,18,Nairobi,urban,tier_1,70000.0,300000.0,false,false,231,102698.38794216454
CUST_000404,Female,40,Mombasa,urban,tier_2,150000.0,500000.0,false,false,333,123401.1843472394
CUST_000405,Female,36,Kiambu,semi_urban,tier_2,150000.0,500000.0,true,false,113,248271.14763686038
CUST_000406,Male,18,Nairobi,urban,tier_1,70000.0,300000.0,true,false,122,106888.86467988706
CUST_000407,Female,31,Tharaka Nithi,rural,tier_2,150000.0,500000.0,false,false,82,234877.26574846156
CUST_000408,Male,35,Nairobi,urban,tier_2,150000.0,500000.0,false,false,253,146595.65774189707
CUST_000409,Female,37,Nairobi,urban,tier_1,70000.0,300000.0,false,false,209,60293.35039720033
CUST_000410,Female,33,Lamu,rural,tier_2,150000.0,500000.0,false,false,146,437967.66334839637
CUST_000411,Female,34,Nairobi,urban,tier_1,70000.0,300000.0,false,true,263,239149.33275130967
CUST_000412,Male,46,Siaya,rural,tier_1,70000.0,300000.0,false,false,156,171687.3268415154
CUST_000413,Female,44,Kisii,rural,tier_1,70000.0,300000.0,false,false,95,90910.64781199499
CUST_000414,Male,18,Nairobi,urban,tier_1,70000.0,300000.0,false,false,211,94975.92971501313
CUST_000415,Male,28,Kakamega,rural,tier_2,150000.0,500000.0,false,false,176,367150.4910534686
CUST_000416,Male,30,Embu,rural,tier_3,250000.0,500000.0,false,false,166,154114.07572265272
CUST_000417,Female,18,Laikipia,rural,tier_2,150000.0,500000.0,false,false,179,134065.71366762457
CUST_000418,Male,32,Murang'a,rural,tier_1,70000.0,300000.0,false,false,337,281434.5208345247
CUST_000419,Female,44,Kirinyaga,rural,tier_1,70000.0,300000.0,false,false,102,107763.99815844244
CUST_000420,Female,21,Baringo,rural,tier_3,250000.0,500000.0,false,false,122,445332.30784346274
CUST_000421,Male,35,Kisumu,urban,tier_1,70000.0,300000.0,false,false,219,54849.14064929127
CUST_000422,Male,22,Kericho,rural,tier_1,70000.0,300000.0,false,false,45,143004.3309333444
CUST_000423,Male,25,Turkana,rural,tier_1,70000.0,300000.0,false,false,79,285000.0
CUST_000424,Female,46,Baringo,rural,tier_1,70000.0,300000.0,false,false,220,112017.80669271832
CUST_000425,Female,26,Isiolo,rural,tier_1,70000.0,300000.0,false,false,201,96716.13342599792
CUST_000426,Male,36,Kiambu,semi_urban,tier_1,70000.0,300000.0,false,false,249,61553.487720404664
CUST_000427,Female,18,Laikipia,rural,tier_1,70000.0,300000.0,false,false,68,189607.09345792004
CUST_000428,Male,50,West Pokot,rural,tier_1,70000.0,300000.0,false,false,316,75092.33077150752
CUST_000429,Female,38,Nairobi,urban,tier_1,70000.0,300000.0,false,false,193,105254.18086550132
CUST_000430,Female,30,Mombasa,urban,tier_1,70000.0,300000.0,false,false,82,59533.03298756739
CUST_000431,Female,37,Machakos,semi_urban,tier_1,70000.0,300000.0,false,false,134,240382.10818517898
CUST_000432,Female,18,Kiambu,semi_urban,tier_2,150000.0,500000.0,false,false,106,327684.3356852977
CUST_000433,Female,43,Machakos,semi_urban,tier_1,70000.0,300000.0,false,false,181,108634.61552647054
CUST_000434,Male,28,Nairobi,urban,tier_2,150000.0,500000.0,false,false,187,103289.28364607017
CUST_000435,Male,29,Nakuru,semi_urban,tier_2,150000.0,500000.0,false,false,175,396454.63584584004
CUST_000436,Male,27,Baringo,rural,tier_1,70000.0,300000.0,false,false,184,91910.62257863002
CUST_000437,Female,26,Baringo,rural,tier_2,150000.0,500000.0,false,false,335,105848.16673966199
CUST_000438,Female,38,Homa Bay,rural,tier_2,150000.0,500000.0,false,true,352,76214.29870877872
CUST_000439,Female,34,Kirinyaga,rural,tier_1,70000.0,300000.0,false,false,194,79901.92209249183
CUST_000440,Female,38,Garissa,rural,tier_1,70000.0,300000.0,false,false,353,53328.10088738422
CUST_000441,Male,31,Mandera,rural,tier_1,70000.0,300000.0,false,false,305,80831.9296492544
CUST_000442,Female,37,Elgeyo Marakwet,rural,tier_3,250000.0,500000.0,false,false,305,266883.56183111435
CUST_000443,Male,27,Machakos,semi_urban,tier_2,150000.0,500000.0,false,false,105,152460.8766283785
CUST_000444,Male,54,Bungoma,rural,tier_3,250000.0,500000.0,false,false,177,219742.1447182015
CUST_000445,Female,18,Nairobi,urban,tier_3,250000.0,500000.0,false,false,148,128116.59767958133
CUST_000446,Female,44,Kisumu,urban,tier_1,70000.0,300000.0,false,false,62,114019.21739618693
CUST_000447,Female,45,Kiambu,semi_urban,tier_2,150000.0,500000.0,false,false,55,475000.0
CUST_000448,Male,23,Nyandarua,rural,tier_1,70000.0,300000.0,false,false,239,92715.84963148867
CUST_000449,Female,54,Kajiado,rural,tier_2,150000.0,500000.0,false,false,171,222922.1967828045
CUST_000450,Male,41,Nairobi,urban,tier_1,70000.0,300000.0,false,false,307,50451.82199037285
CUST_000451,Female,41,Bomet,rural,tier_1,70000.0,300000.0,false,false,254,236000.88047965267
CUST_000452,Female,32,Mombasa,urban,tier_2,150000.0,500000.0,false,false,58,144894.3395374552
CUST_000453,Male,29,Kitui,rural,tier_2,150000.0,500000.0,false,false,311,311025.5065279169
CUST_000454,Male,29,Murang'a,rural,tier_2,150000.0,500000.0,false,false,196,172952.66607239505
CUST_000455,Male,35,Bomet,rural,tier_1,70000.0,300000.0,false,false,220,149840.61420002955
CUST_000456,Female,46,Bomet,rural,tier_1,70000.0,300000.0,false,false,354,154360.17775988718
CUST_000457,Male,33,Nakuru,semi_urban,tier_3,250000.0,500000.0,false,false,245,146699.74232415514
CUST_000458,Female,22,Kiambu,semi_urban,tier_1,70000.0,300000.0,false,false,37,190515.90702744876
CUST_000459,Female,40,Nyamira,rural,tier_1,70000.0,300000.0,false,false,89,75511.88360868745
CUST_000460,Female,41,Kirinyaga,rural,tier_1,70000.0,300000.0,false,false,173,162836.9811429544
CUST_000461,Male,38,Kiambu,semi_urban,tier_1,70000.0,300000.0,false,false,42,90801.86522964215
CUST_000462,Female,39,Nakuru,semi_urban,tier_1,70000.0,300000.0,false,false,86,131441.44259388503
CUST_000463,Male,29,Nairobi,urban,tier_1,70000.0,300000.0,false,false,296,87600.43585810141
CUST_000464,Female,22,Nairobi,urban,tier_2,150000.0,500000.0,false,false,77,188593.9112559449
CUST_000465,Female,23,Nairobi,urban,tier_3,250000.0,500000.0,false,false,86,107475.32083420006
CUST_000466,Female,18,Nakuru,semi_urban,tier_3,250000.0,500000.0,false,false,199,208176.56519974573
CUST_000467,Female,34,Trans Nzoia,rural,tier_1,70000.0,300000.0,false,false,60,112829.3378010529
CUST_000468,Male,31,Kiambu,semi_urban,tier_1,70000.0,300000.0,false,true,115,84243.01835594038
CUST_000469,Female,27,Mombasa,urban,tier_2,150000.0,500000.0,false,true,345,178947.7949943709
CUST_000470,Male,18,Nairobi,urban,tier_2,150000.0,500000.0,false,false,242,196686.35167908634
CUST_000471,Male,19,Nakuru,semi_urban,tier_1,70000.0,300000.0,false,false,353,81093.59229092454
CUST_000472,Male,43,Migori,rural,tier_2,150000.0,500000.0,false,false,149,172470.9489763664
CUST_000473,Male,25,Nakuru,semi_urban,tier_2,150000.0,500000.0,false,false,237,111255.80817239457
CUST_000474,Male,35,Lamu,rural,tier_2,150000.0,500000.0,false,false,110,475000.0
CUST_000475,Male,18,Marsabit,rural,tier_2,150000.0,500000.0,false,false,157,312363.45463693177
CUST_000476,Male,46,Nairobi,urban,tier_1,70000.0,300000.0,false,false,88,126511.03372317665
CUST_000477,Female,30,Bungoma,rural,tier_1,70000.0,300000.0,false,false,309,198311.4824713135
CUST_000478,Female,34,Uasin Gishu,rural,tier_1,70000.0,300000.0,false,false,91,41023.95795108234
CUST_000479,Male,55,Nakuru,semi_urban,tier_1,70000.0,300000.0,false,false,98,30720.881598612566
CUST_000480,Male,47,Nairobi,urban,tier_2,150000.0,500000.0,false,false,185,150650.49744274162
CUST_000481,Male,28,Tana River,rural,tier_2,150000.0,500000.0,false,false,174,92326.02166325557
CUST_000482,Female,26,Nyeri,rural,tier_1,70000.0,300000.0,false,false,135,98050.21176760693
CUST_000483,Male,28,Kiambu,semi_urban,tier_2,150000.0,500000.0,false,false,149,203860.5983257733
CUST_000484,Male,37,Machakos,semi_urban,tier_2,150000.0,500000.0,false,false,129,291434.5194909105
CUST_000485,Male,30,Mombasa,urban,tier_2,150000.0,500000.0,false,false,336,104112.92280412871
CUST_000486,Male,28,Migori,rural,tier_1,70000.0,300000.0,false,true,225,134773.8000224505
CUST_000487,Male,46,Kiambu,semi_urban,tier_2,150000.0,500000.0,false,false,339,185267.91098810677
CUST_000488,Female,30,Nairobi,urban,tier_1,70000.0,300000.0,true,false,361,131306.8735135341
CUST_000489,Female,54,Kakamega,rural,tier_1,70000.0,300000.0,false,false,248,85105.91156619343
CUST_000490,Female,32,Turkana,rural,tier_1,70000.0,300000.0,false,false,307,220379.27616916783
CUST_000491,Female,49,Murang'a,rural,tier_2,150000.0,500000.0,false,false,67,174662.1915114981
CUST_000492,Female,35,Kisumu,urban,tier_2,150000.0,500000.0,false,false,349,446616.02017232333
CUST_000493,Male,41,Nairobi,urban,tier_1,70000.0,300000.0,false,false,192,74335.46413058849
CUST_000494,Female,24,Trans Nzoia,rural,tier_1,70000.0,300000.0,false,false,269,160003.5727439126
CUST_000495,Female,23,Tharaka Nithi,rural,tier_2,150000.0,500000.0,false,false,112,178533.0714238792
CUST_000496,Male,36,Machakos,semi_urban,tier_2,150000.0,500000.0,false,false,62,156137.4782651591
CUST_000497,Female,41,Garissa,rural,tier_1,70000.0,300000.0,false,false,327,151402.2413250253
CUST_000498,Male,32,Kiambu,semi_urban,tier_3,250000.0,500000.0,false,false,181,158383.8249303337
CUST_000499,Female,19,Kiambu,semi_urban,tier_2,150000.0,500000.0,false,false,76,48600.092288429696
CUST_000500,Female,18,Nairobi,urban,tier_3,250000.0,500000.0,false,false,251,39772.43310819111
CUST_000501,Female,18,Nairobi,urban,tier_3,250000.0,500000.0,false,false,48,347518.943978228
CUST_000502,Female,18,Mombasa,urban,tier_3,250000.0,500000.0,false,false,181,340269.2879004856
CUST_000503,Female,33,Nandi,rural,tier_2,150000.0,500000.0,false,false,266,472613.8033340058
CUST_000504,Female,43,Nairobi,urban,tier_2,150000.0,500000.0,false,false,272,182334.69364120616
CUST_000505,Female,31,Mombasa,urban,tier_1,70000.0,300000.0,false,false,182,57827.53658047002
CUST_000506,Male,18,Machakos,semi_urban,tier_1,70000.0,300000.0,false,false,154,89477.80031413873
CUST_000507,Female,30,Mombasa,urban,tier_2,150000.0,500000.0,false,false,311,184993.4383559049
CUST_000508,Female,30,Nairobi,urban,tier_1,70000.0,300000.0,false,false,92,66703.89603357272
CUST_000509,Male,52,Machakos,semi_urban,tier_2,150000.0,500000.0,false,false,55,419429.50223808637
CUST_000510,Male,18,Nakuru,semi_urban,tier_1,70000.0,300000.0,false,false,82,285000.0
CUST_000511,Female,28,Elgeyo Marakwet,rural,tier_1,70000.0,300000.0,false,false,299,140179.37114679694
CUST_000512,Male,49,Taita Taveta,rural,tier_1,70000.0,300000.0,false,false,187,109765.9752039246
CUST_000513,Male,36,Nairobi,urban,tier_1,70000.0,300000.0,false,false,42,57760.14387077494
CUST_000514,Male,37,Taita Taveta,rural,tier_1,70000.0,300000.0,false,false,86,239128.10744330278
CUST_000515,Male,33,Siaya,rural,tier_1,70000.0,300000.0,false,false,39,114655.94713880138
CUST_000516,Male,35,Murang'a,rural,tier_2,150000.0,500000.0,false,false,303,159178.44988710867
CUST_000517,Female,39,Embu,rural,tier_1,70000.0,300000.0,false,false,185,140382.31456117073
CUST_000518,Male,23,Busia,rural,tier_1,70000.0,300000.0,false,false,52,82345.73878910317
CUST_000519,Female,40,Embu,rural,tier_1,70000.0,300000.0,false,false,104,118773.70703950599
CUST_000520,Female,18,Kakamega,rural,tier_1,70000.0,300000.0,false,false,237,53653.625797919616
CUST_000521,Male,35,Nairobi,urban,tier_1,70000.0,300000.0,false,false,229,190057.3881182542
CUST_000522,Male,33,Turkana,rural,tier_2,150000.0,500000.0,false,false,305,174583.40234371493
CUST_000523,Female,25,Baringo,rural,tier_2,150000.0,500000.0,false,false,38,328326.49626841705
CUST_000524,Male,31,Makueni,rural,tier_1,70000.0,300000.0,false,false,53,99804.61110783505
CUST_000525,Male,25,Nakuru,semi_urban,tier_1,70000.0,300000.0,false,false,41,103098.27094927656
CUST_000526,Female,21,Nairobi,urban,tier_1,70000.0,300000.0,false,false,162,60197.074844435774
CUST_000527,Female,28,Kiambu,semi_urban,tier_1,70000.0,300000.0,false,true,274,161363.72221784788
CUST_000528,Female,20,Kiambu,semi_urban,tier_2,150000.0,500000.0,false,false,252,118710.5433778927
CUST_000529,Male,35,Kiambu,semi_urban,tier_1,70000.0,300000.0,false,false,100,86536.93249347412
CUST_000530,Female,20,Nakuru,semi_urban,tier_2,150000.0,500000.0,false,false,250,184036.05536134093
CUST_000531,Female,39,Mombasa,urban,tier_1,70000.0,300000.0,false,false,250,117260.10259841855
CUST_000532,Male,20,Kiambu,semi_urban,tier_1,70000.0,300000.0,false,false,94,47027.5690158359
CUST_000533,Female,26,Nakuru,semi_urban,tier_1,70000.0,300000.0,false,false,281,98334.95331365807
CUST_000534,Male,25,Vihiga,rural,tier_1,70000.0,300000.0,false,false,171,164251.3019514008
CUST_000535,Male,45,Nairobi,urban,tier_3,250000.0,500000.0,false,false,49,152237.08587604892
CUST_000536,Female,35,Kisumu,urban,tier_1,70000.0,300000.0,false,false,161,98634.05600382034
CUST_000537,Male,29,Kisumu,urban,tier_2,150000.0,500000.0,false,false,288,199499.37905993688
CUST_000538,Male,36,Machakos,semi_urban,tier_2,150000.0,500000.0,false,false,263,172712.41705758867
CUST_000539,Female,18,Kiambu,semi_urban,tier_1,70000.0,300000.0,false,false,120,65925.46089799058
CUST_000540,Female,31,Garissa,rural,tier_1,70000.0,300000.0,true,false,284,108376.29809340047
CUST_000541,Female,51,Turkana,rural,tier_1,70000.0,300000.0,false,false,160,181420.7754764313
CUST_000542,Female,33,Kisumu,urban,tier_1,70000.0,300000.0,false,false,184,65247.94170946016
CUST_000543,Female,32,Kericho,rural,tier_2,150000.0,500000.0,false,false,59,152530.8931675698
CUST_000544,Male,37,Nairobi,urban,tier_1,70000.0,300000.0,false,false,365,55310.72393974331
CUST_000545,Male,40,Mombasa,urban,tier_3,250000.0,500000.0,false,false,311,294505.91084386717
CUST_000546,Male,18,Kiambu,semi_urban,tier_2,150000.0,500000.0,false,false,95,175638.6913656371
CUST_000547,Male,18,Nairobi,urban,tier_1,70000.0,300000.0,false,false,218,72145.33728617014
CUST_000548,Female,34,Busia,rural,tier_2,150000.0,500000.0,false,false,292,192624.15338676606
CUST_000549,Male,24,Kajiado,rural,tier_1,70000.0,300000.0,false,false,199,60460.02284524837
CUST_000550,Male,45,Kwale,rural,tier_3,250000.0,500000.0,false,false,100,109712.1735809759
CUST_000551,Male,28,Kiambu,semi_urban,tier_1,70000.0,300000.0,false,false,355,53181.772195351026
CUST_000552,Male,18,Bungoma,rural,tier_3,250000.0,500000.0,false,false,120,107901.46824622704
CUST_000553,Female,19,Nakuru,semi_urban,tier_2,150000.0,500000.0,false,false,142,362591.5123952863
CUST_000554,Male,18,Nairobi,urban,tier_2,150000.0,500000.0,false,false,154,127491.40273312556
CUST_000555,Male,29,Nairobi,urban,tier_1,70000.0,300000.0,false,false,329,139336.9410161627
CUST_000556,Male,30,Homa Bay,rural,tier_2,150000.0,500000.0,false,false,198,121080.71489363
CUST_000557,Female,27,West Pokot,rural,tier_1,70000.0,300000.0,false,false,271,161345.71283253547
CUST_000558,Female,42,Nairobi,urban,tier_2,150000.0,500000.0,false,false,332,110119.60551586245
CUST_000559,Female,43,Machakos,semi_urban,tier_1,70000.0,300000.0,false,true,341,112549.87295186895
CUST_000560,Male,30,Kwale,rural,tier_1,70000.0,300000.0,false,false,317,113319.1449617115
CUST_000561,Male,18,Murang'a,rural,tier_1,70000.0,300000.0,false,false,335,285000.0
CUST_000562,Female,38,Machakos,semi_urban,tier_1,70000.0,300000.0,false,false,348,151259.229819076
CUST_000563,Female,37,Busia,rural,tier_1,70000.0,300000.0,false,false,362,82050.13537895754
CUST_000564,Female,35,Kericho,rural,tier_2,150000.0,500000.0,false,false,246,259078.88231386323
CUST_000565,Female,41,Nyamira,rural,tier_1,70000.0,300000.0,false,false,74,285000.0
CUST_000566,Female,20,Nairobi,urban,tier_2,150000.0,500000.0,false,false,68,81433.7701090658
CUST_000567,Male,52,Tana River,rural,tier_1,70000.0,300000.0,false,false,297,72424.2692148989
CUST_000568,Male,22,Nairobi,urban,tier_2,150000.0,500000.0,false,false,136,163393.1596374195
CUST_000569,Female,39,Nandi,rural,tier_2,150000.0,500000.0,false,false,300,149315.8684929357
CUST_000570,Male,18,Nairobi,urban,tier_1,70000.0,300000.0,false,false,344,93447.90595751889
CUST_000571,Female,22,Nairobi,urban,tier_2,150000.0,500000.0,false,false,246,95821.96760442782
CUST_000572,Male,47,Nairobi,urban,tier_3,250000.0,500000.0,false,false,286,371142.5145863107
CUST_000573,Female,29,Kiambu,semi_urban,tier_2,150000.0,500000.0,false,false,123,90315.0216394189
CUST_000574,Female,40,Nakuru,semi_urban,tier_1,70000.0,300000.0,false,false,176,99850.69994926859
CUST_000575,Female,34,Nairobi,urban,tier_1,70000.0,300000.0,false,false,354,186176.98816224057
CUST_000576,Female,30,Kiambu,semi_urban,tier_2,150000.0,500000.0,false,false,304,181184.4675205188
CUST_000577,Female,45,Nakuru,semi_urban,tier_1,70000.0,300000.0,false,false,98,67632.2804962117
CUST_000578,Female,29,Lamu,rural,tier_2,150000.0,500000.0,false,false,344,93716.12537623693
CUST_000579,Male,18,Samburu,rural,tier_1,70000.0,300000.0,false,false,197,98374.62321510061
CUST_000580,Female,23,Homa Bay,rural,tier_2,150000.0,500000.0,false,false,313,125976.23971729413
CUST_000581,Female,37,Nairobi,urban,tier_1,70000.0,300000.0,false,true,205,122290.33596856258
CUST_000582,Male,35,Kisumu,urban,tier_1,70000.0,300000.0,false,false,232,54765.306521570565
CUST_000583,Male,18,Taita Taveta,rural,tier_3,250000.0,500000.0,false,false,84,276200.2004911147
CUST_000584,Female,24,Nairobi,urban,tier_2,150000.0,500000.0,false,false,143,194879.78085422918
CUST_000585,Female,26,Nakuru,semi_urban,tier_2,150000.0,500000.0,false,false,272,202254.39689399378
CUST_000586,Male,28,Trans Nzoia,rural,tier_3,250000.0,500000.0,false,false,313,378095.3783778388
CUST_000587,Male,18,Turkana,rural,tier_1,70000.0,300000.0,false,false,59,88666.72920831424
CUST_000588,Male,25,Kiambu,semi_urban,tier_1,70000.0,300000.0,false,false,55,76774.62080634796
CUST_000589,Male,24,Isiolo,rural,tier_1,70000.0,300000.0,false,false,262,83923.07961795024
CUST_000590,Female,39,Kiambu,semi_urban,tier_1,70000.0,300000.0,false,false,180,100235.17649776563
CUST_000591,Male,40,Kwale,rural,tier_1,70000.0,300000.0,false,false,315,105456.65624947532
CUST_000592,Male,30,Nairobi,urban,tier_3,250000.0,500000.0,false,false,52,121420.43959207281
CUST_000593,Female,28,Nairobi,urban,tier_1,70000.0,300000.0,false,false,147,40134.64185917825
CUST_000594,Male,33,Busia,rural,tier_1,70000.0,300000.0,false,false,41,83372.45459851284
CUST_000595,Male,23,Mombasa,urban,tier_1,70000.0,300000.0,false,false,268,132117.97954089398
CUST_000596,Female,20,Isiolo,rural,tier_1,70000.0,300000.0,false,false,318,118144.87525447199
CUST_000597,Female,22,Nakuru,semi_urban,tier_1,70000.0,300000.0,false,false,82,201051.22162891488
CUST_000598,Female,25,Nyeri,rural,tier_2,150000.0,500000.0,false,false,138,475000.0
CUST_000599,Female,20,Migori,rural,tier_1,70000.0,300000.0,false,false,314,161329.58114065576
CUST_000600,Male,33,Kiambu,semi_urban,tier_2,150000.0,500000.0,false,false,43,367185.95886358677
CUST_000601,Female,39,Lamu,rural,tier_2,150000.0,500000.0,false,false,349,269884.8116779601
CUST_000602,Female,18,Kisumu,urban,tier_2,150000.0,500000.0,false,false,328,432489.3606368978
CUST_000603,Female,32,Kiambu,semi_urban,tier_2,150000.0,500000.0,false,false,81,464069.77383607073
CUST_000604,Female,29,Nairobi,urban,tier_1,70000.0,300000.0,false,false,76,177570.0288861881
CUST_000605,Female,35,Nyamira,rural,tier_1,70000.0,300000.0,false,false,262,157114.1400458578
CUST_000606,Female,31,Migori,rural,tier_1,70000.0,300000.0,false,false,33,99600.42072094628
CUST_000607,Male,18,Siaya,rural,tier_3,250000.0,500000.0,false,false,199,180176.9561939688
CUST_000608,Female,19,Nyeri,rural,tier_2,150000.0,500000.0,false,false,52,155351.3666056694
CUST_000609,Male,32,Uasin Gishu,rural,tier_1,70000.0,300000.0,false,false,208,150567.01690189575
CUST_000610,Female,42,Mombasa,urban,tier_1,70000.0,300000.0,false,false,147,76984.83512098978
CUST_000611,Female,18,Tharaka Nithi,rural,tier_2,150000.0,500000.0,false,false,267,167177.3113093527
CUST_000612,Female,35,Machakos,semi_urban,tier_2,150000.0,500000.0,false,true,325,56657.43117489569
CUST_000613,Female,43,Kiambu,semi_urban,tier_1,70000.0,300000.0,false,false,194,261210.71585582054
CUST_000614,Male,30,Machakos,semi_urban,tier_2,150000.0,500000.0,false,false,245,164740.38444033684
CUST_000615,Female,37,Nakuru,semi_urban,tier_2,150000.0,500000.0,false,false,231,230995.52016080648
CUST_000616,Female,24,Kisumu,urban,tier_2,150000.0,500000.0,false,false,360,381267.5828381418
CUST_000617,Male,30,Mombasa,urban,tier_1,70000.0,300000.0,false,false,107,128243.2938963831
CUST_000618,Male,18,Nairobi,urban,tier_1,70000.0,300000.0,false,false,110,227228.0924846907
CUST_000619,Male,18,Kiambu,semi_urban,tier_3,250000.0,500000.0,false,false,157,98863.40919325809
CUST_000620,Female,41,Samburu,rural,tier_1,70000.0,300000.0,false,false,277,285000.0
CUST_000621,Male,22,Elgeyo Marakwet,rural,tier_1,70000.0,300000.0,false,false,320,190059.57466851175
CUST_000622,Female,27,Kiambu,semi_urban,tier_1,70000.0,300000.0,false,false,123,122533.40919204017
CUST_000623,Male,18,Kiambu,semi_urban,tier_1,70000.0,300000.0,false,false,66,225049.89675383116
CUST_000624,Female,18,Kiambu,semi_urban,tier_2,150000.0,500000.0,false,false,234,102543.86471026609
CUST_000625,Male,30,Mombasa,urban,tier_1,70000.0,300000.0,false,false,230,95533.31504304777
CUST_000626,Female,24,Migori,rural,tier_2,150000.0,500000.0,false,false,155,378695.819824781
CUST_000627,Male,35,Nairobi,urban,tier_1,70000.0,300000.0,false,false,91,43391.014660912726
CUST_000628,Female,36,Kirinyaga,rural,tier_1,70000.0,300000.0,false,false,315,146059.1040624759
CUST_000629,Female,35,Laikipia,rural,tier_1,70000.0,300000.0,true,false,314,144008.2449564302
CUST_000630,Female,34,Machakos,semi_urban,tier_2,150000.0,500000.0,false,false,281,475000.0
CUST_000631,Female,47,Nyamira,rural,tier_1,70000.0,300000.0,false,false,224,50014.08995324177
CUST_000632,Male,21,Kisumu,urban,tier_1,70000.0,300000.0,false,false,117,246804.86475749052
CUST_000633,Male,31,Nyeri,rural,tier_2,150000.0,500000.0,false,false,165,139055.443381171
CUST_000634,Male,43,Kisii,rural,tier_1,70000.0,300000.0,false,false,52,88259.1827919874
CUST_000635,Male,44,Marsabit,rural,tier_1,70000.0,300000.0,false,false,113,59906.21650824533
CUST_000636,Female,18,Isiolo,rural,tier_1,70000.0,300000.0,false,false,181,64062.326172408415
CUST_000637,Female,28,Narok,rural,tier_2,150000.0,500000.0,false,false,176,225060.50387103664
CUST_000638,Female,45,West Pokot,rural,tier_1,70000.0,300000.0,false,false,57,63282.986494523044
CUST_000639,Female,37,Kiambu,semi_urban,tier_1,70000.0,300000.0,false,false,351,159800.25698265404
CUST_000640,Female,33,Meru,rural,tier_1,70000.0,300000.0,false,false,120,79225.59780196696
CUST_000641,Female,29,Kwale,rural,tier_1,70000.0,300000.0,false,false,201,60175.51678889458
CUST_000642,Male,28,Kiambu,semi_urban,tier_1,70000.0,300000.0,false,false,186,84764.59141048774
CUST_000643,Male,34,Tana River,rural,tier_1,70000.0,300000.0,false,false,187,130599.58909282465
CUST_000644,Female,29,Nakuru,semi_urban,tier_1,70000.0,300000.0,false,false,313,96072.7621741249
CUST_000645,Female,31,Machakos,semi_urban,tier_1,70000.0,300000.0,false,false,280,112267.84997732639
CUST_000646,Male,32,Nairobi,urban,tier_2,150000.0,500000.0,false,false,321,260528.38774889664
CUST_000647,Female,25,Mombasa,urban,tier_1,70000.0,300000.0,false,false,157,189614.52593446925
CUST_000648,Female,37,Nandi,rural,tier_1,70000.0,300000.0,false,false,119,94512.75702492864
CUST_000649,Male,61,Nakuru,semi_urban,tier_3,250000.0,500000.0,false,true,173,109125.33572077945
CUST_000650,Male,18,Nakuru,semi_urban,tier_2,150000.0,500000.0,false,false,218,191072.95870977032
CUST_000651,Female,35,Mombasa,urban,tier_2,150000.0,500000.0,false,false,143,232742.54637439433
CUST_000652,Female,24,Kiambu,semi_urban,tier_1,70000.0,300000.0,false,false,184,53166.03867173994
CUST_000653,Male,37,Meru,rural,tier_1,70000.0,300000.0,false,false,80,70702.31569268965
CUST_000654,Female,32,Samburu,rural,tier_1,70000.0,300000.0,false,false,226,77029.54323732246
CUST_000655,Male,39,Nairobi,urban,tier_1,70000.0,300000.0,false,false,269,99471.52082155523
CUST_000656,Female,43,Machakos,semi_urban,tier_1,70000.0,300000.0,false,false,207,75434.55980417175
CUST_000657,Male,33,Kiambu,semi_urban,tier_1,70000.0,300000.0,false,false,323,157166.04174169095
CUST_000658,Female,43,Busia,rural,tier_1,70000.0,300000.0,false,false,364,49462.552787172346
CUST_000659,Male,18,Kiambu,semi_urban,tier_2,150000.0,500000.0,false,false,334,83491.82725033136
CUST_000660,Male,47,Nakuru,semi_urban,tier_1,70000.0,300000.0,false,false,61,93395.02412292326
CUST_000661,Female,35,Kiambu,semi_urban,tier_1,70000.0,300000.0,false,false,325,101084.42639681489
CUST_000662,Male,42,Baringo,rural,tier_2,150000.0,500000.0,false,false,142,88879.91260094066
CUST_000663,Male,19,Kiambu,semi_urban,tier_2,150000.0,500000.0,false,false,181,135806.8529089481
CUST_000664,Male,23,Kiambu,semi_urban,tier_1,70000.0,300000.0,false,false,168,90311.11711306658
CUST_000665,Female,33,Migori,rural,tier_1,70000.0,300000.0,false,false,125,90661.56440913305
CUST_000666,Female,31,Kwale,rural,tier_1,70000.0,300000.0,false,false,324,119071.38846404776
CUST_000667,Female,34,Nakuru,semi_urban,tier_1,70000.0,300000.0,false,false,244,79280.56625329288
CUST_000668,Male,42,Marsabit,rural,tier_2,150000.0,500000.0,false,false,354,385108.9373525716
CUST_000669,Male,18,Narok,rural,tier_1,70000.0,300000.0,false,false,350,140876.66545706385
CUST_000670,Male,41,Nairobi,urban,tier_1,70000.0,300000.0,false,false,171,73716.43067709167
CUST_000671,Female,32,Baringo,rural,tier_1,70000.0,300000.0,false,false,274,115704.34891387037
CUST_000672,Female,29,Kisumu,urban,tier_1,70000.0,300000.0,false,false,198,117423.86122326698
CUST_000673,Female,18,Kitui,rural,tier_1,70000.0,300000.0,false,true,196,202581.68985778402
CUST_000674,Female,37,Mombasa,urban,tier_1,70000.0,300000.0,false,false,278,81743.90579905205
CUST_000675,Male,18,Isiolo,rural,tier_3,250000.0,500000.0,false,false,261,269960.984655863
CUST_000676,Female,38,Mombasa,urban,tier_2,150000.0,500000.0,false,false,336,187829.6314568837
CUST_000677,Female,18,Kiambu,semi_urban,tier_1,70000.0,300000.0,false,false,289,232657.10863394657
CUST_000678,Male,32,Trans Nzoia,rural,tier_1,70000.0,300000.0,false,false,239,210445.8132986958
CUST_000679,Male,30,Nakuru,semi_urban,tier_2,150000.0,500000.0,false,false,338,202978.03083923517
CUST_000680,Male,43,Nyandarua,rural,tier_1,70000.0,300000.0,false,false,64,96799.43564463902
CUST_000681,Male,30,Wajir,rural,tier_1,70000.0,300000.0,false,false,286,142178.80128470427
CUST_000682,Male,25,Nyandarua,rural,tier_2,150000.0,500000.0,false,false,161,168070.42447310837
CUST_000683,Male,26,Nairobi,urban,tier_1,70000.0,300000.0,false,false,175,255682.39447166002
CUST_000684,Female,44,Migori,rural,tier_1,70000.0,300000.0,false,false,292,114780.02996498614
CUST_000685,Male,37,Nairobi,urban,tier_1,70000.0,300000.0,false,false,121,90103.6936157798
CUST_000686,Male,28,Nakuru,semi_urban,tier_1,70000.0,300000.0,false,false,326,87704.6510508713
CUST_000687,Female,29,Nyandarua,rural,tier_1,70000.0,300000.0,false,false,197,60175.4632522637
CUST_000688,Female,18,Kakamega,rural,tier_2,150000.0,500000.0,false,false,147,242957.77491724017
CUST_000689,Female,35,Machakos,semi_urban,tier_1,70000.0,300000.0,false,false,140,73242.5746898019
CUST_000690,Male,18,Nakuru,semi_urban,tier_1,70000.0,300000.0,false,false,171,191111.4184713058
CUST_000691,Female,39,Meru,rural,tier_2,150000.0,500000.0,false,false,346,96364.7596920458
CUST_000692,Male,33,Kilifi,rural,tier_1,70000.0,300000.0,false,false,64,117613.42641495791
CUST_000693,Male,55,Kiambu,semi_urban,tier_1,70000.0,300000.0,false,false,200,196152.87974820228
CUST_000694,Female,20,Samburu,rural,tier_1,70000.0,300000.0,false,false,310,37624.632002034436
CUST_000695,Female,30,Mombasa,urban,tier_2,150000.0,500000.0,false,false,188,475000.0
CUST_000696,Female,49,Nairobi,urban,tier_1,70000.0,300000.0,false,false,220,89223.09120152313
CUST_000697,Female,43,Garissa,rural,tier_2,150000.0,500000.0,false,false,146,197384.931553417
CUST_000698,Female,25,Vihiga,rural,tier_2,150000.0,500000.0,false,false,75,244773.35755062994
CUST_000699,Male,34,Mombasa,urban,tier_2,150000.0,500000.0,false,false,244,264455.4024957657
CUST_000700,Male,32,Mombasa,urban,tier_3,250000.0,500000.0,false,false,339,210935.00810143753
CUST_000701,Male,34,Nairobi,urban,tier_2,150000.0,500000.0,false,false,204,302869.0065079318
CUST_000702,Male,25,Nyamira,rural,tier_2,150000.0,500000.0,false,false,175,238446.13955886237
CUST_000703,Female,31,Mombasa,urban,tier_2,150000.0,500000.0,false,false,73,443655.636678709
CUST_000704,Male,18,Kiambu,semi_urban,tier_2,150000.0,500000.0,false,false,347,238834.74514089813
CUST_000705,Female,33,West Pokot,rural,tier_2,150000.0,500000.0,false,false,322,475000.0
CUST_000706,Female,36,Nairobi,urban,tier_3,250000.0,500000.0,false,false,333,288630.5563347852
CUST_000707,Female,29,Machakos,semi_urban,tier_1,70000.0,300000.0,false,false,150,44741.76528329428
CUST_000708,Male,18,Kiambu,semi_urban,tier_2,150000.0,500000.0,false,false,240,475000.0
CUST_000709,Male,41,Meru,rural,tier_1,70000.0,300000.0,false,false,175,82815.10070421708
CUST_000710,Female,35,Nakuru,semi_urban,tier_2,150000.0,500000.0,false,false,108,388533.77618783194
CUST_000711,Female,24,Kiambu,semi_urban,tier_1,70000.0,300000.0,false,false,99,111852.2938746152
CUST_000712,Female,29,Nairobi,urban,tier_2,150000.0,500000.0,false,false,158,312671.53395070875
CUST_000713,Female,18,Kitui,rural,tier_2,150000.0,500000.0,false,false,215,130368.9676450728
CUST_000714,Female,21,Makueni,rural,tier_3,250000.0,500000.0,false,false,70,251509.40135315098
CUST_000715,Male,26,Nairobi,urban,tier_1,70000.0,300000.0,false,false,265,97240.49130741818
CUST_000716,Female,44,Nakuru,semi_urban,tier_2,150000.0,500000.0,false,false,183,405090.15781340306
CUST_000717,Male,25,Samburu,rural,tier_2,150000.0,500000.0,false,false,326,229050.42644521638
CUST_000718,Female,38,Nairobi,urban,tier_3,250000.0,500000.0,false,false,123,293706.0446632512
CUST_000719,Female,26,Kisumu,urban,tier_3,250000.0,500000.0,false,false,47,62337.90468473237
CUST_000720,Female,34,Machakos,semi_urban,tier_1,70000.0,300000.0,false,false,134,105741.362358134
CUST_000721,Male,30,Nakuru,semi_urban,tier_1,70000.0,300000.0,false,false,357,135511.74183650658
CUST_000722,Male,40,Kisumu,urban,tier_1,70000.0,300000.0,false,false,138,123419.59950066819
CUST_000723,Female,26,Kiambu,semi_urban,tier_3,250000.0,500000.0,false,false,266,297432.3205873831
CUST_000724,Male,18,Nairobi,urban,tier_1,70000.0,300000.0,false,false,313,91911.88552702182
CUST_000725,Male,18,Kiambu,semi_urban,tier_2,150000.0,500000.0,false,false,125,188481.83777872982
CUST_000726,Male,26,Kilifi,rural,tier_2,150000.0,500000.0,false,false,245,332028.72313120787
CUST_000727,Male,19,Machakos,semi_urban,tier_1,70000.0,300000.0,false,false,98,35319.59725532122
CUST_000728,Male,36,Nairobi,urban,tier_1,70000.0,300000.0,false,false,151,148184.44168603132
CUST_000729,Female,27,Nandi,rural,tier_1,70000.0,300000.0,false,false,129,93395.21023687934
CUST_000730,Male,55,Nairobi,urban,tier_2,150000.0,500000.0,false,false,255,116564.99753069473
CUST_000731,Male,18,Lamu,rural,tier_1,70000.0,300000.0,false,false,324,130588.94778339438
CUST_000732,Male,34,Nakuru,semi_urban,tier_1,70000.0,300000.0,false,false,114,203875.21653969766
CUST_000733,Male,20,Makueni,rural,tier_2,150000.0,500000.0,false,false,127,309259.27853344433
CUST_000734,Male,27,Mombasa,urban,tier_1,70000.0,300000.0,false,false,305,103154.3034753415
CUST_000735,Female,33,Nairobi,urban,tier_2,150000.0,500000.0,false,false,185,284996.97902570554
CUST_000736,Male,18,Kiambu,semi_urban,tier_1,70000.0,300000.0,false,false,202,170343.40413688283
CUST_000737,Male,34,Nairobi,urban,tier_1,70000.0,300000.0,false,false,267,105646.31238782663
CUST_000738,Male,51,Mombasa,urban,tier_1,70000.0,300000.0,false,false,76,78041.61411076902
CUST_000739,Male,27,Kisii,rural,tier_1,70000.0,300000.0,false,false,322,80331.79209467502
CUST_000740,Male,34,Nandi,rural,tier_1,70000.0,300000.0,false,false,152,167789.3207184368
CUST_000741,Male,42,Nairobi,urban,tier_2,150000.0,500000.0,false,false,251,180104.04137838972
CUST_000742,Female,30,Nyeri,rural,tier_1,70000.0,300000.0,false,false,175,65411.06048900808
CUST_000743,Male,26,Marsabit,rural,tier_1,70000.0,300000.0,false,false,283,47529.52309947755
CUST_000744,Female,18,Nyandarua,rural,tier_1,70000.0,300000.0,false,false,235,167284.87554434358
CUST_000745,Male,38,Kericho,rural,tier_1,70000.0,300000.0,false,false,88,83964.43056617261
CUST_000746,Male,30,Kajiado,rural,tier_3,250000.0,500000.0,false,false,93,216979.30411498432
CUST_000747,Male,21,Kiambu,semi_urban,tier_1,70000.0,300000.0,false,false,324,205128.3597248657
CUST_000748,Female,33,Homa Bay,rural,tier_3,250000.0,500000.0,false,false,204,95597.42265282462
CUST_000749,Female,26,Tana River,rural,tier_1,70000.0,300000.0,false,false,122,107900.96162372598
CUST_000750,Male,26,Nairobi,urban,tier_1,70000.0,300000.0,false,false,78,101335.35888618777
CUST_000751,Male,38,Kisumu,urban,tier_1,70000.0,300000.0,false,false,73,133440.26339210427
CUST_000752,Male,18,Nairobi,urban,tier_1,70000.0,300000.0,false,false,339,205072.27415662335
CUST_000753,Male,42,Trans Nzoia,rural,tier_2,150000.0,500000.0,false,false,358,94621.26043081623
CUST_000754,Female,18,Kiambu,semi_urban,tier_1,70000.0,300000.0,false,false,162,146742.8080028942
CUST_000755,Male,25,Kajiado,rural,tier_1,70000.0,300000.0,false,false,97,184849.9402510201
CUST_000756,Male,51,Nandi,rural,tier_2,150000.0,500000.0,false,false,170,167573.08198100462
CUST_000757,Female,43,West Pokot,rural,tier_2,150000.0,500000.0,false,false,75,171723.32429427785
CUST_000758,Male,32,Nairobi,urban,tier_3,250000.0,500000.0,false,false,214,226746.5293727864
CUST_000759,Male,22,Marsabit,rural,tier_3,250000.0,500000.0,false,false,240,218550.39689978436
CUST_000760,Female,26,Samburu,rural,tier_2,150000.0,500000.0,true,false,361,246111.43030825822
CUST_000761,Male,32,Nairobi,urban,tier_2,150000.0,500000.0,false,false,137,243532.00265372184
CUST_000762,Male,32,Kwale,rural,tier_2,150000.0,500000.0,true,false,96,112575.25660675667
CUST_000763,Male,31,Nakuru,semi_urban,tier_1,70000.0,300000.0,false,false,74,181075.7991631088
CUST_000764,Female,31,Garissa,rural,tier_2,150000.0,500000.0,false,false,156,329639.51530499465
CUST_000765,Male,29,Kiambu,semi_urban,tier_1,70000.0,300000.0,false,false,231,121125.103112596
CUST_000766,Male,18,Mombasa,urban,tier_2,150000.0,500000.0,false,false,52,87141.25695634099
CUST_000767,Male,26,Nairobi,urban,tier_3,250000.0,500000.0,false,false,285,173683.5986611962
CUST_000768,Male,41,Nairobi,urban,tier_1,70000.0,300000.0,false,false,184,121630.21449422465
CUST_000769,Female,18,Nairobi,urban,tier_2,150000.0,500000.0,false,false,296,103783.60180854716
CUST_000770,Male,30,Embu,rural,tier_3,250000.0,500000.0,false,false,185,153628.7636661849
CUST_000771,Female,23,Nakuru,semi_urban,tier_1,70000.0,300000.0,false,false,82,54548.91275284796
CUST_000772,Female,33,Mombasa,urban,tier_1,70000.0,300000.0,false,false,37,149519.764356982
CUST_000773,Female,28,Kakamega,rural,tier_3,250000.0,500000.0,false,false,217,199853.73137740322
CUST_000774,Male,46,Kakamega,rural,tier_3,250000.0,500000.0,false,false,211,80778.9584196856
CUST_000775,Female,37,Machakos,semi_urban,tier_1,70000.0,300000.0,false,false,303,131566.826052741
CUST_000776,Female,18,Tharaka Nithi,rural,tier_1,70000.0,300000.0,false,false,324,107289.20094057305
CUST_000777,Male,38,Nakuru,semi_urban,tier_2,150000.0,500000.0,false,false,84,238129.64203457144
CUST_000778,Female,24,Murang'a,rural,tier_1,70000.0,300000.0,false,false,135,90741.6318413349
CUST_000779,Female,26,Nairobi,urban,tier_1,70000.0,300000.0,true,false,99,73924.38705681509
CUST_000780,Male,35,Kitui,rural,tier_1,70000.0,300000.0,false,false,65,75065.43211764756
CUST_000781,Female,27,Wajir,rural,tier_1,70000.0,300000.0,false,false,30,84326.6009619435
CUST_000782,Male,40,Narok,rural,tier_1,70000.0,300000.0,false,false,57,111407.54152878518
CUST_000783,Female,24,Machakos,semi_urban,tier_2,150000.0,500000.0,false,false,206,198063.42964485972
CUST_000784,Female,25,Elgeyo Marakwet,rural,tier_2,150000.0,500000.0,false,false,81,167209.60739866502
CUST_000785,Male,25,Nakuru,semi_urban,tier_2,150000.0,500000.0,false,false,95,148851.37485373992
CUST_000786,Female,26,Kajiado,rural,tier_1,70000.0,300000.0,false,false,69,92580.71333630822
CUST_000787,Male,42,Lamu,rural,tier_1,70000.0,300000.0,false,false,273,285000.0
CUST_000788,Female,38,West Pokot,rural,tier_1,70000.0,300000.0,false,false,243,75069.91647132295
CUST_000789,Female,49,Kiambu,semi_urban,tier_1,70000.0,300000.0,false,false,353,83495.81162199411
CUST_000790,Male,54,Nairobi,urban,tier_1,70000.0,300000.0,false,false,67,285000.0
CUST_000791,Male,21,Bomet,rural,tier_1,70000.0,300000.0,false,false,100,136222.43836980904
CUST_000792,Male,32,Nairobi,urban,tier_1,70000.0,300000.0,false,false,183,55356.39232822038
CUST_000793,Male,20,Mombasa,urban,tier_1,70000.0,300000.0,false,false,248,168195.34582001966
CUST_000794,Male,24,Kisumu,urban,tier_2,150000.0,500000.0,false,false,73,116697.91278421234
CUST_000795,Male,25,Kisii,rural,tier_2,150000.0,500000.0,false,false,101,289784.8793370614
CUST_000796,Male,21,Nairobi,urban,tier_3,250000.0,500000.0,false,false,171,165525.7809365336
CUST_000797,Male,21,Nairobi,urban,tier_2,150000.0,500000.0,false,false,36,147630.1520783904
CUST_000798,Female,30,Nairobi,urban,tier_1,70000.0,300000.0,false,false,162,246747.3550408181
CUST_000799,Female,19,Nyandarua,rural,tier_1,70000.0,300000.0,false,false,284,146493.80648137882
CUST_000800,Female,40,Kericho,rural,tier_1,70000.0,300000.0,false,false,206,179518.307322243
CUST_000801,Male,22,Nairobi,urban,tier_1,70000.0,300000.0,false,false,175,137172.9192728338
CUST_000802,Female,60,Nairobi,urban,tier_1,70000.0,300000.0,false,false,193,88372.44498691487
CUST_000803,Female,27,Machakos,semi_urban,tier_1,70000.0,300000.0,true,false,348,149823.76221704425
CUST_000804,Male,32,Kisumu,urban,tier_1,70000.0,300000.0,false,false,204,202024.74118167962
CUST_000805,Male,19,Bomet,rural,tier_1,70000.0,300000.0,false,false,209,118055.10375221612
CUST_000806,Female,49,Kiambu,semi_urban,tier_2,150000.0,500000.0,false,false,342,452790.4341153365
CUST_000807,Male,43,Tana River,rural,tier_2,150000.0,500000.0,false,false,82,281420.98065558035
CUST_000808,Female,34,Kisumu,urban,tier_2,150000.0,500000.0,false,false,62,204506.4209560429
CUST_000809,Female,18,Kajiado,rural,tier_2,150000.0,500000.0,false,false,181,208585.98700731192
CUST_000810,Male,34,Nairobi,urban,tier_1,70000.0,300000.0,false,false,137,118202.71084974486
CUST_000811,Male,20,Turkana,rural,tier_1,70000.0,300000.0,false,false,98,59036.92418860864
CUST_000812,Female,46,Wajir,rural,tier_2,150000.0,500000.0,false,false,70,175839.5621347809
CUST_000813,Female,40,Kitui,rural,tier_1,70000.0,300000.0,false,false,325,123269.833063362
CUST_000814,Male,32,Kiambu,semi_urban,tier_1,70000.0,300000.0,false,false,236,89634.46625350088
CUST_000815,Female,18,Mombasa,urban,tier_1,70000.0,300000.0,false,false,262,130662.9339504463
CUST_000816,Female,22,Meru,rural,tier_3,250000.0,500000.0,false,false,69,185909.84345596732
CUST_000817,Female,38,Kitui,rural,tier_2,150000.0,500000.0,false,false,144,270819.90532592084
CUST_000818,Female,44,Mombasa,urban,tier_1,70000.0,300000.0,false,false,238,153751.65412864802
CUST_000819,Male,43,Kiambu,semi_urban,tier_2,150000.0,500000.0,false,false,207,199973.47689215874
CUST_000820,Male,18,Kiambu,semi_urban,tier_1,70000.0,300000.0,false,false,263,55710.91170007669
CUST_000821,Female,35,Murang'a,rural,tier_1,70000.0,300000.0,false,false,254,270194.979317426
CUST_000822,Male,42,Kakamega,rural,tier_1,70000.0,300000.0,false,false,168,102805.30691451178
CUST_000823,Female,18,Garissa,rural,tier_1,70000.0,300000.0,false,false,293,105989.41682019069
CUST_000824,Female,31,Garissa,rural,tier_2,150000.0,500000.0,false,false,117,154987.99682354004
CUST_000825,Male,34,Kisumu,urban,tier_1,70000.0,300000.0,true,false,56,86450.90206672413
CUST_000826,Female,28,Nakuru,semi_urban,tier_2,150000.0,500000.0,false,false,336,398073.6834407538
CUST_000827,Male,18,Nairobi,urban,tier_1,70000.0,300000.0,false,false,37,220700.07097416304
CUST_000828,Female,28,Mandera,rural,tier_2,150000.0,500000.0,false,false,125,229707.04971969858
CUST_000829,Male,28,Kiambu,semi_urban,tier_2,150000.0,500000.0,false,false,68,174313.95652980584
CUST_000830,Female,30,Kiambu,semi_urban,tier_2,150000.0,500000.0,false,false,107,250677.45951461096
CUST_000831,Female,26,Mombasa,urban,tier_2,150000.0,500000.0,false,false,162,190853.5899443333
CUST_000832,Male,27,Mombasa,urban,tier_3,250000.0,500000.0,false,false,73,167251.16076122594
CUST_000833,Female,31,Baringo,rural,tier_1,70000.0,300000.0,false,false,186,130690.95780443687
CUST_000834,Female,36,Mombasa,urban,tier_2,150000.0,500000.0,false,false,341,147529.65773374672
CUST_000835,Female,28,Nairobi,urban,tier_2,150000.0,500000.0,false,false,75,208667.11488146184
CUST_000836,Female,27,Lamu,rural,tier_1,70000.0,300000.0,false,false,341,122228.58478987619
CUST_000837,Female,32,Nakuru,semi_urban,tier_1,70000.0,300000.0,false,false,168,149194.44949256
CUST_000838,Male,18,Nakuru,semi_urban,tier_1,70000.0,300000.0,false,false,229,80980.95438038245
CUST_000839,Female,36,Kiambu,semi_urban,tier_1,70000.0,300000.0,false,false,178,157409.49388480742
CUST_000840,Male,31,Meru,rural,tier_1,70000.0,300000.0,false,true,136,70149.36315540914
CUST_000841,Female,32,Kisumu,urban,tier_1,70000.0,300000.0,false,false,66,82888.73355343642
CUST_000842,Female,41,Laikipia,rural,tier_2,150000.0,500000.0,false,false,229,141195.51609436944
CUST_000843,Male,18,Trans Nzoia,rural,tier_1,70000.0,300000.0,false,false,337,64570.43144726822
CUST_000844,Male,18,Homa Bay,rural,tier_2,150000.0,500000.0,false,false,204,305649.56708996085
CUST_000845,Female,34,Kiambu,semi_urban,tier_1,70000.0,300000.0,false,false,231,67982.90228405288
CUST_000846,Male,31,Kwale,rural,tier_2,150000.0,500000.0,false,false,246,129690.38159668306
CUST_000847,Female,33,Kiambu,semi_urban,tier_1,70000.0,300000.0,false,false,160,206745.03723167878
CUST_000848,Male,27,Kiambu,semi_urban,tier_1,70000.0,300000.0,false,false,70,82970.99789060332
CUST_000849,Female,38,Kiambu,semi_urban,tier_1,70000.0,300000.0,false,false,200,100455.12718183942
CUST_000850,Male,41,Kisumu,urban,tier_2,150000.0,500000.0,false,false,321,110896.08569916387
CUST_000851,Male,36,Nairobi,urban,tier_1,70000.0,300000.0,false,false,135,167378.56084998505
CUST_000852,Female,29,Kiambu,semi_urban,tier_3,250000.0,500000.0,false,false,322,280893.67600306234
CUST_000853,Female,18,Nairobi,urban,tier_1,70000.0,300000.0,false,false,317,159693.35206643687
CUST_000854,Male,39,Kiambu,semi_urban,tier_1,70000.0,300000.0,false,false,112,144394.24754990113
CUST_000855,Male,44,Machakos,semi_urban,tier_1,70000.0,300000.0,false,false,223,114500.25272143226
CUST_000856,Female,38,Tharaka Nithi,rural,tier_2,150000.0,500000.0,false,false,281,141516.98779324564
CUST_000857,Female,23,Nairobi,urban,tier_1,70000.0,300000.0,false,false,196,73427.44834153117
CUST_000858,Male,38,Elgeyo Marakwet,rural,tier_1,70000.0,300000.0,false,false,264,210342.09687837548
CUST_000859,Female,40,Kiambu,semi_urban,tier_1,70000.0,300000.0,false,false,336,161771.46195087375
CUST_000860,Female,47,Nairobi,urban,tier_1,70000.0,300000.0,false,false,240,78032.88661151049
CUST_000861,Female,23,Mombasa,urban,tier_1,70000.0,300000.0,false,false,311,112583.8591657792
CUST_000862,Female,29,Nairobi,urban,tier_3,250000.0,500000.0,false,false,299,158309.27428392685
CUST_000863,Female,39,Mombasa,urban,tier_1,70000.0,300000.0,false,false,303,62782.54706072125
CUST_000864,Male,32,Kisumu,urban,tier_1,70000.0,300000.0,false,false,316,120615.54376966502
CUST_000865,Female,20,Nakuru,semi_urban,tier_3,250000.0,500000.0,false,false,105,149435.03745228788
CUST_000866,Female,36,Kiambu,semi_urban,tier_1,70000.0,300000.0,false,false,36,68546.62300171114
CUST_000867,Female,37,Nairobi,urban,tier_1,70000.0,300000.0,false,false,81,52678.96330521618
CUST_000868,Male,32,Nairobi,urban,tier_2,150000.0,500000.0,false,false,113,84158.87220716574
CUST_000869,Male,34,Nairobi,urban,tier_3,250000.0,500000.0,false,false,261,152764.1203315209
CUST_000870,Female,29,Machakos,semi_urban,tier_2,150000.0,500000.0,false,false,201,176277.70365698982
CUST_000871,Male,46,Kisumu,urban,tier_1,70000.0,300000.0,false,false,187,71245.5292331435
CUST_000872,Female,22,Machakos,semi_urban,tier_3,250000.0,500000.0,false,false,33,254672.34878966532
CUST_000873,Male,26,Mombasa,urban,tier_1,70000.0,300000.0,false,false,259,106805.47654949516
CUST_000874,Female,32,Nairobi,urban,tier_3,250000.0,500000.0,false,false,152,245439.56693196407
CUST_000875,Female,40,Trans Nzoia,rural,tier_2,150000.0,500000.0,false,false,285,167863.76089065056
CUST_000876,Male,18,Nairobi,urban,tier_3,250000.0,500000.0,false,false,67,124095.23323781196
CUST_000877,Male,18,Nairobi,urban,tier_1,70000.0,300000.0,false,false,129,116844.18092616726
CUST_000878,Female,18,Nairobi,urban,tier_1,70000.0,300000.0,false,false,48,58700.32237030765
CUST_000879,Female,32,Wajir,rural,tier_2,150000.0,500000.0,false,false,125,240886.85905136174
CUST_000880,Male,20,Busia,rural,tier_1,70000.0,300000.0,false,false,340,69076.03617353649
CUST_000881,Female,28,Bungoma,rural,tier_1,70000.0,300000.0,false,false,194,174670.0451491658
CUST_000882,Female,38,Wajir,rural,tier_3,250000.0,500000.0,false,true,177,155303.33823214364
CUST_000883,Male,25,Nairobi,urban,tier_2,150000.0,500000.0,false,false,121,312897.24833893316
CUST_000884,Male,34,Vihiga,rural,tier_1,70000.0,300000.0,false,false,118,62958.19157885474
CUST_000885,Male,29,Mombasa,urban,tier_1,70000.0,300000.0,false,false,254,78641.34856589734
CUST_000886,Male,38,Elgeyo Marakwet,rural,tier_1,70000.0,300000.0,false,false,361,133519.8222485349
CUST_000887,Male,36,Kiambu,semi_urban,tier_1,70000.0,300000.0,false,false,280,198151.3279528704
CUST_000888,Male,25,Nakuru,semi_urban,tier_1,70000.0,300000.0,false,false,277,253937.18386469723
CUST_000889,Female,30,Tharaka Nithi,rural,tier_2,150000.0,500000.0,false,true,188,187783.77731385457
CUST_000890,Male,42,Nairobi,urban,tier_2,150000.0,500000.0,false,false,63,461038.20503054187
CUST_000891,Female,35,West Pokot,rural,tier_1,70000.0,300000.0,false,false,273,95483.18892034424
CUST_000892,Male,18,Nakuru,semi_urban,tier_1,70000.0,300000.0,false,false,301,191170.61199288125
CUST_000893,Male,38,Garissa,rural,tier_2,150000.0,500000.0,false,false,201,114837.44422860222
CUST_000894,Female,21,Uasin Gishu,rural,tier_2,150000.0,500000.0,false,false,60,226945.14853066282
CUST_000895,Female,46,Nairobi,urban,tier_2,150000.0,500000.0,false,false,269,57040.50206189698
CUST_000896,Male,42,Tana River,rural,tier_1,70000.0,300000.0,false,false,339,62990.691961284196
CUST_000897,Male,34,Machakos,semi_urban,tier_2,150000.0,500000.0,false,false,105,232280.68684338816
CUST_000898,Male,33,Kilifi,rural,tier_1,70000.0,300000.0,false,false,83,57257.75252531889
CUST_000899,Female,29,Nairobi,urban,tier_1,70000.0,300000.0,false,false,278,136627.3682173524
CUST_000900,Male,38,Machakos,semi_urban,tier_2,150000.0,500000.0,false,false,141,289407.91364440584
CUST_000901,Male,28,Kajiado,rural,tier_1,70000.0,300000.0,false,false,270,85894.72154764256
CUST_000902,Male,34,Kiambu,semi_urban,tier_1,70000.0,300000.0,false,false,266,67986.28521496356
CUST_000903,Male,40,Nairobi,urban,tier_1,70000.0,300000.0,false,false,119,87067.97772593981
CUST_000904,Female,26,Mombasa,urban,tier_1,70000.0,300000.0,false,false,44,68093.12918661031
CUST_000905,Female,25,Narok,rural,tier_1,70000.0,300000.0,false,false,216,104917.64359141463
CUST_000906,Female,20,Nairobi,urban,tier_2,150000.0,500000.0,false,false,167,193572.75001215245
CUST_000907,Male,21,Kilifi,rural,tier_1,70000.0,300000.0,false,false,317,94706.0053935306
CUST_000908,Male,18,West Pokot,rural,tier_1,70000.0,300000.0,false,false,150,254923.14173081273
CUST_000909,Male,39,Nairobi,urban,tier_2,150000.0,500000.0,false,true,113,128368.64820450508
CUST_000910,Female,50,Nairobi,urban,tier_1,70000.0,300000.0,false,false,319,221295.53359737495
CUST_000911,Female,46,Kajiado,rural,tier_3,250000.0,500000.0,false,false,277,109288.2055360528
CUST_000912,Female,18,Nairobi,urban,tier_1,70000.0,300000.0,false,false,237,114453.80131711702
CUST_000913,Female,39,Baringo,rural,tier_1,70000.0,300000.0,false,false,350,199404.45093733346
CUST_000914,Female,46,Kakamega,rural,tier_1,70000.0,300000.0,false,false,293,194311.21034520012
CUST_000915,Female,27,Baringo,rural,tier_2,150000.0,500000.0,false,false,321,149079.41485633672
CUST_000916,Male,33,Nakuru,semi_urban,tier_1,70000.0,300000.0,false,false,298,145666.14638477575
CUST_000917,Male,18,Kericho,rural,tier_3,250000.0,500000.0,false,false,164,227056.21732950702
CUST_000918,Male,34,Bomet,rural,tier_1,70000.0,300000.0,false,false,50,84252.0486586377
CUST_000919,Female,21,Mombasa,urban,tier_1,70000.0,300000.0,false,false,234,150168.41684683398
CUST_000920,Male,33,Machakos,semi_urban,tier_1,70000.0,300000.0,false,false,287,280066.9160984124
CUST_000921,Female,18,Nyeri,rural,tier_1,70000.0,300000.0,false,false,363,139718.9363504629
CUST_000922,Female,37,Isiolo,rural,tier_1,70000.0,300000.0,false,false,259,146490.51234232562
CUST_000923,Female,42,Kiambu,semi_urban,tier_1,70000.0,300000.0,false,false,220,154448.38513978102
CUST_000924,Male,24,Kisumu,urban,tier_1,70000.0,300000.0,false,false,223,53159.35874188916
CUST_000925,Male,20,Nairobi,urban,tier_2,150000.0,500000.0,false,false,68,231532.5422740713
CUST_000926,Male,18,Mombasa,urban,tier_1,70000.0,300000.0,false,false,32,66380.45675870779
CUST_000927,Female,29,Nairobi,urban,tier_1,70000.0,300000.0,false,false,45,82174.00443593874
CUST_000928,Female,26,Wajir,rural,tier_1,70000.0,300000.0,false,false,334,285000.0
CUST_000929,Female,18,Mombasa,urban,tier_1,70000.0,300000.0,false,false,295,97237.03620680954
CUST_000930,Male,36,Meru,rural,tier_1,70000.0,300000.0,false,false,117,76225.45198775032
CUST_000931,Male,27,Nairobi,urban,tier_2,150000.0,500000.0,false,false,172,327307.26822421106
CUST_000932,Male,21,Kisumu,urban,tier_1,70000.0,300000.0,false,false,192,68713.38227747851
CUST_000933,Female,26,Kiambu,semi_urban,tier_2,150000.0,500000.0,false,false,112,147068.5090729505
CUST_000934,Female,42,Kisumu,urban,tier_1,70000.0,300000.0,false,false,172,206089.09157085675
CUST_000935,Male,38,Marsabit,rural,tier_1,70000.0,300000.0,false,false,146,112749.24220161016
CUST_000936,Female,30,Turkana,rural,tier_2,150000.0,500000.0,false,false,263,84251.76982686791
CUST_000937,Male,38,Nyandarua,rural,tier_1,70000.0,300000.0,false,false,284,144861.37951563948
CUST_000938,Female,20,Nairobi,urban,tier_1,70000.0,300000.0,false,false,63,90518.07310928512
CUST_000939,Male,32,Makueni,rural,tier_3,250000.0,500000.0,false,false,186,397237.30261138076
CUST_000940,Male,33,Nairobi,urban,tier_3,250000.0,500000.0,false,false,363,135845.01286588912
CUST_000941,Female,27,Taita Taveta,rural,tier_2,150000.0,500000.0,false,false,321,311133.19034816907
CUST_000942,Male,36,Kiambu,semi_urban,tier_1,70000.0,300000.0,false,false,296,268172.7844426558
CUST_000943,Male,24,Nakuru,semi_urban,tier_1,70000.0,300000.0,false,false,276,72118.51898883816
CUST_000944,Male,37,Nairobi,urban,tier_3,250000.0,500000.0,false,false,31,167001.2985346473
CUST_000945,Male,37,Nairobi,urban,tier_3,250000.0,500000.0,false,false,357,223390.3602431561
CUST_000946,Female,18,Mombasa,urban,tier_1,70000.0,300000.0,false,false,277,71888.01768813873
CUST_000947,Female,43,Taita Taveta,rural,tier_1,70000.0,300000.0,false,false,328,126334.09532723404
CUST_000948,Female,18,Marsabit,rural,tier_1,70000.0,300000.0,false,true,335,98624.75854037363
CUST_000949,Male,25,Vihiga,rural,tier_1,70000.0,300000.0,false,false,115,97636.23539978157
CUST_000950,Female,42,Nairobi,urban,tier_2,150000.0,500000.0,false,false,34,188496.0958073545
CUST_000951,Male,28,Bomet,rural,tier_1,70000.0,300000.0,false,false,251,114367.25808672808
CUST_000952,Male,18,Mombasa,urban,tier_1,70000.0,300000.0,false,false,184,119787.92159576387
CUST_000953,Male,21,Machakos,semi_urban,tier_1,70000.0,300000.0,true,false,36,81807.53071713026
CUST_000954,Female,42,Kisumu,urban,tier_1,70000.0,300000.0,false,false,120,83612.79950358819
CUST_000955,Female,18,Kisumu,urban,tier_1,70000.0,300000.0,false,false,363,104010.16973184666
CUST_000956,Female,43,Machakos,semi_urban,tier_1,70000.0,300000.0,false,false,152,107921.45068536975
CUST_000957,Female,31,Nairobi,urban,tier_1,70000.0,300000.0,false,false,117,88620.02117234402
CUST_000958,Female,20,Kiambu,semi_urban,tier_3,250000.0,500000.0,false,false,249,216280.8770066662
CUST_000959,Female,26,Garissa,rural,tier_1,70000.0,300000.0,false,false,253,44540.6208246437
CUST_000960,Female,21,Nairobi,urban,tier_1,70000.0,300000.0,false,false,141,76596.34385092427
CUST_000961,Male,40,Tharaka Nithi,rural,tier_1,70000.0,300000.0,false,false,315,95949.16899034583
CUST_000962,Male,39,Kiambu,semi_urban,tier_1,70000.0,300000.0,false,false,224,71932.26275641918
CUST_000963,Male,18,Migori,rural,tier_1,70000.0,300000.0,false,false,83,249231.3251993908
CUST_000964,Female,27,Homa Bay,rural,tier_1,70000.0,300000.0,false,false,139,111409.58866918493
CUST_000965,Male,23,Kilifi,rural,tier_1,70000.0,300000.0,false,false,314,120562.38222293768
CUST_000966,Female,44,Kirinyaga,rural,tier_1,70000.0,300000.0,false,false,60,86675.1412025641
CUST_000967,Male,18,Nyandarua,rural,tier_2,150000.0,500000.0,false,false,34,182494.24499214455
CUST_000968,Female,48,Busia,rural,tier_1,70000.0,300000.0,false,false,250,60108.769287624906
CUST_000969,Male,31,Kisumu,urban,tier_1,70000.0,300000.0,false,false,178,101379.80976714354
CUST_000970,Male,20,Nairobi,urban,tier_1,70000.0,300000.0,false,false,114,69080.89853491935
CUST_000971,Male,25,Bungoma,rural,tier_1,70000.0,300000.0,false,false,188,96070.34487813035
CUST_000972,Male,23,Nairobi,urban,tier_1,70000.0,300000.0,false,false,91,30686.54213379668
CUST_000973,Female,19,Mombasa,urban,tier_1,70000.0,300000.0,false,false,155,62789.061001936934
CUST_000974,Male,32,Nairobi,urban,tier_1,70000.0,300000.0,false,false,108,229463.89042227247
CUST_000975,Female,19,Machakos,semi_urban,tier_1,70000.0,300000.0,false,false,227,167165.0001028941
CUST_000976,Male,18,Nairobi,urban,tier_3,250000.0,500000.0,false,false,256,355714.2593830231
CUST_000977,Male,28,Bungoma,rural,tier_3,250000.0,500000.0,false,false,337,368141.9999823366
CUST_000978,Female,18,Mandera,rural,tier_3,250000.0,500000.0,true,false,52,257521.13914581333
CUST_000979,Male,24,Migori,rural,tier_1,70000.0,300000.0,false,false,139,88000.99594461737
CUST_000980,Female,22,Kisumu,urban,tier_1,70000.0,300000.0,false,false,118,65703.81570615606
CUST_000981,Female,23,Machakos,semi_urban,tier_1,70000.0,300000.0,false,false,224,195811.95342319072
CUST_000982,Female,52,Machakos,semi_urban,tier_1,70000.0,300000.0,false,false,209,113984.95452683755
CUST_000983,Male,32,Kiambu,semi_urban,tier_1,70000.0,300000.0,false,false,324,285000.0
CUST_000984,Male,34,Homa Bay,rural,tier_1,70000.0,300000.0,false,false,338,91948.945854508
CUST_000985,Female,18,Mombasa,urban,tier_1,70000.0,300000.0,false,false,289,285000.0
CUST_000986,Male,25,Vihiga,rural,tier_1,70000.0,300000.0,false,false,96,102042.21286697616
CUST_000987,Male,34,Nairobi,urban,tier_1,70000.0,300000.0,false,false,43,215251.42710743315
CUST_000988,Male,21,Murang'a,rural,tier_2,150000.0,500000.0,false,false,332,429642.71460667107
CUST_000989,Female,41,Bomet,rural,tier_1,70000.0,300000.0,false,false,346,66175.31515605655
CUST_000990,Female,19,Mombasa,urban,tier_2,150000.0,500000.0,false,false,114,144330.96916437912
CUST_000991,Female,29,Kwale,rural,tier_1,70000.0,300000.0,false,false,45,65844.29985044617
CUST_000992,Female,26,Nairobi,urban,tier_1,70000.0,300000.0,false,false,258,59668.857270360444
CUST_000993,Male,33,Lamu,rural,tier_1,70000.0,300000.0,false,false,227,154055.957979859
CUST_000994,Female,25,Baringo,rural,tier_1,70000.0,300000.0,false,false,328,100029.81479808757
CUST_000995,Male,29,Nairobi,urban,tier_1,70000.0,300000.0,false,false,223,113291.66915531574
CUST_000996,Female,29,Nairobi,urban,tier_1,70000.0,300000.0,false,false,285,145751.34337114973
CUST_000997,Male,24,Kwale,rural,tier_2,150000.0,500000.0,false,false,294,72668.98531123702
CUST_000998,Female,36,Kisumu,urban,tier_1,70000.0,300000.0,false,false,33,210012.16899519294
CUST_000999,Male,34,Samburu,rural,tier_1,70000.0,300000.0,false,false,79,92687.66434324818
